ID,NAME,COUNTRY,BATTING_ODIs_Mat
43860,Zulqarnain Haider,Pakistan,4
43707,Zulqarnain,Pakistan,16
43871,Zulfiqar Babar,Pakistan,5
51050,Nuwan Zoysa,Sri Lanka,95
55015,Zehmarad Afzal,Pakistan,23
43703,Zakir Khan,Pakistan,17
43701,Zahoor Elahi,Pakistan,14
43697,Zahid Fazal,Pakistan,19
43696,Zahid Ahmed,Pakistan,2
43695,Zaheer Abbas,Pakistan,62
43692,Zafar Iqbal,Pakistan,8
348154,Zafar Gohar,Pakistan,1
17185,Phil Mustard,England,10
17121,Alan Mullally,England,50
17119,Martyn Moxon,England,8
53823,Catherine Mowat,England,3
17102,John Morris,England,8
24598,Eoin Morgan,England,217
53904,Beth Morgan,England,72
53818,Marie Moralee,England,3
318842,Khaya Zondo,South Africa,5
48112,Monde Zondeki,South Africa,13
16378,Monte Lynch,England,3
53807,Ruth Lupton,England,2
16406,Michael Lumb,England,3
16370,Brian Luckhurst,England,3
17025,Geoff Miller,England,25
16362,Mal Loye,England,7
53700,Kate Lowe,England,8
53803,Patsy Lovell,England,10
16352,Jim Love,England,3
16388,Alex Loudon,England,1
53817,Sue Metcalfe,England,36
5334,Aaron Finch,Australia,105
4890,Adam Dale,Australia,30
5390,Adam Gilchrist,Australia,287
15917,Alan Knott,England,20
15913,Nick Knight,England,100
16322,Andy Lloyd,England,3
53801,Julia Lloyd,England,2
53899,Hannah Lloyd,England,5
16320,Graham Lloyd,England,6
297634,Stuart Meaker,England,2
358259,Heather Knight,England,92
16318,David Lloyd,England,8
53794,Suzanne Kitson,England,23
15901,James Kirtley,England,11
16951,Matthew Maynard,England,14
53813,Debra Maybury,England,27
16281,Jon Lewis,England,13
53811,Pamela Mather,England,5
16274,Chris Lewis,England,53
230855,Craig Kieswetter,England,46
16262,Peter Lever,England,10
16260,John Lever,England,22
16932,Dimitri Mascarenhas,England,20
15876,Rob Key,England,5
53698,Kathryn Leng,England,56
16925,Peter Martin,England,20
53795,Megan Lear,England,21
249934,Laura Marsh,England,98
16899,Vic Marks,England,34
16219,David Lawrence,England,1
16203,Wayne Larkins,England,25
469888,Beth Langston,England,4
16885,Devon Malcolm,England,10
17944,Sajid Mahmood,England,26
16178,Allan Lamb,England,122
16876,Darren Maddy,England,8
297488,Matt Machan,England,23
16975,Anthony McGrath,England,14
53814,Gillian McConway,England,23
53826,Lisa Nye,England,21
18023,Paul Nixon,England,19
53825,Bev Nicholson,England,6
53702,Laura Newton,England,73
8590,Ian Austin,England,9
53897,Caroline Atkins,England,58
8581,Bill Athey,England,31
8579,Mike Atherton,England,54
250089,Lynsey Askew,England,8
8566,Geoff Arnold,England,14
349853,Zafar Ansari,England,1
8608,James Anderson,England,194
8535,Dennis Amiss,England,18
8845,Tim Ambrose,England,5
8526,Paul Allott,England,13
8520,Mark Alleyne,England,10
464626,Craig Overton,England,1
8917,Moeen Ali,England,92
8476,Kabir Ali,England,14
18389,Graham Onions,England,4
8501,Jonathan Agnew,England,3
18256,Chris Old,England,32
8487,Chris Adams,England,5
53902,Kate Oakenfold,England,3
577190,Nuzhat Tasnia,Bangladesh,10
56209,Dolar Mahmud,Bangladesh,7
56208,Dhiman Ghosh,Bangladesh,14
55882,Enamul Haque jnr,Bangladesh,10
55878,Enamul Haque,Bangladesh,29
55883,Elias Sunny,Bangladesh,4
55880,Ehsanul Haque,Bangladesh,6
55893,Fazle Mahmud,Bangladesh,2
55885,Faruque Ahmed,Bangladesh,7
55894,Farhad Reza,Bangladesh,34
486995,Fargana Hoque,Bangladesh,35
55889,Faisal Hossain,Bangladesh,6
55887,Fahim Muntasir,Bangladesh,3
627048,Fahima Khatun,Bangladesh,12
55897,Golam Faruq,Bangladesh,5
55898,Gholam Nousher,Bangladesh,9
55896,Gazi Ashraf,Bangladesh,7
55909,Hasibul Hossain,Bangladesh,32
55912,Harunur Rashid,Bangladesh,2
55915,Hannan Sarkar,Bangladesh,20
55907,Hafizur Rahman,Bangladesh,2
55906,Habibul Bashar,Bangladesh,111
280734,Imrul Kayes,Bangladesh,78
55946,Junaid Siddique,Bangladesh,54
629066,Jubair Hossain,Bangladesh,3
55935,Javed Omar,Bangladesh,59
1051219,Jannatul Ferdus,Bangladesh,2
55938,Jamaluddin Ahmed,Bangladesh,1
55944,Jahurul Islam,Bangladesh,14
55933,Jahangir Shah,Bangladesh,5
55937,Jahangir Alam Talukdar,Bangladesh,2
55932,Jahangir Alam,Bangladesh,3
343649,Jahanara Alam,Bangladesh,35
55954,Khaled Mashud,Bangladesh,126
55952,Khaled Mahmud,Bangladesh,77
535871,Khadija Tul Kubra,Bangladesh,30
330902,Mustafizur Rahman,Bangladesh,43
55976,Mushfiqur Rahman,Bangladesh,28
56029,Mushfiqur Rahim,Bangladesh,201
1080264,Murshida Khatun,Bangladesh,3
1145089,Sobhana Mostary,Bangladesh,1
56017,Mosharraf Hossain,Bangladesh,5
550133,Mosaddek Hossain,Bangladesh,24
55974,Morshed Ali Khan,Bangladesh,3
56011,Moniruzzaman,Bangladesh,2
373696,Mominul Haque,Bangladesh,28
55986,Mohammad Sharif,Bangladesh,9
55982,Mohammad Salim,Bangladesh,1
629070,Mohammad Saifuddin,Bangladesh,10
55973,Mohammad Rafique,Bangladesh,125
269237,Mohammad Mithun,Bangladesh,15
536936,Liton Das,Bangladesh,27
346295,Lata Mondal,Bangladesh,22
55988,Mohammad Ashraful,Bangladesh,177
55971,Minhajul Abedin,Bangladesh,27
56031,Mehrab Hossain jnr,Bangladesh,18
55970,Mehrab Hossain,Bangladesh,18
629063,Mehidy Hasan,Bangladesh,25
55997,Mazharul Haque,Bangladesh,1
56007,Mashrafe Mortaza,Bangladesh,205
55991,Manzarul Islam,Bangladesh,25
55968,Manjurul Islam,Bangladesh,34
56025,Mahmudullah,Bangladesh,171
55966,Mahbubur Rahman,Bangladesh,1
56032,Mahbubul Alam,Bangladesh,5
55965,Mafizur Rahman,Bangladesh,4
410765,Nurul Hasan,Bangladesh,2
56040,Nurul Abedin,Bangladesh,4
924177,Nigar Sultana,Bangladesh,19
56044,Neeyamur Rashid,Bangladesh,2
446810,Nazmul Islam,Bangladesh,5
629058,Najmul Hossain Shanto,Bangladesh,3
56056,Nazmul Hossain,Bangladesh,38
56059,Nazimuddin,Bangladesh,11
300618,Nasir Hossain,Bangladesh,65
56038,Nasir Ahmed,Bangladesh,7
56035,Naimur Rahman,Bangladesh,29
924183,Nahida Akter,Bangladesh,13
56064,Nafees Iqbal,Bangladesh,16
56054,Naeem Islam,Bangladesh,59
301600,Panna Ghosh,Bangladesh,26
343648,Rumana Ahmed,Bangladesh,36
300619,Rubel Hossain,Bangladesh,96
227455,Robiul Islam,Bangladesh,3
478808,Ritu Moni,Bangladesh,16
56160,Syed Rasel,Bangladesh,52
1051217,Suraiya Azmin,Bangladesh,3
380974,Sunzamul Islam,Bangladesh,3
486997,Sultana Yesmin,Bangladesh,6
301847,Subashis Roy,Bangladesh,1
436677,Soumya Sarkar,Bangladesh,41
56138,Sohrawordi Shuvo,Bangladesh,17
444135,Sohag Gazi,Bangladesh,20
56093,Raqibul Hasan,Bangladesh,55
56070,Raqibul Hasan,Bangladesh,2
402992,Shuvagata Hom,Bangladesh,4
346298,Shukhtara Rahman,Bangladesh,11
56074,Rajin Saleh,Bangladesh,43
535866,Shohely Akhter,Bangladesh,2
56118,Sheikh Salahuddin,Bangladesh,6
56077,Rafikul Khan,Bangladesh,1
56066,Rafiqul Alam,Bangladesh,2
301605,Shathira Jakir,Bangladesh,2
924179,Sharmin Sultana,Bangladesh,12
535868,Sharmin Akhter,Bangladesh,21
56098,Shariful Haque,Bangladesh,1
56143,Shakib Al Hasan,Bangladesh,195
56154,Shamsur Rahman,Bangladesh,10
535870,Shamima Sultana,Bangladesh,5
581029,Shaila Sharmin,Bangladesh,9
56153,Shahriar Nafees,Bangladesh,75
56104,Shahriar Hossain,Bangladesh,20
56102,Shaheedur Rahman,Bangladesh,2
627049,Shahanaz Parvin,Bangladesh,2
56149,Shahadat Hossain,Bangladesh,51
288305,Shafiul Islam,Bangladesh,56
56101,Shafiuddin Ahmed,Bangladesh,11
56107,Sanwar Hossain,Bangladesh,27
535869,Sanjida Islam,Bangladesh,14
56097,Samiur Rahman,Bangladesh,2
301603,Salma Khatun,Bangladesh,32
56096,Sajjad Ahmed,Bangladesh,2
56094,Saiful Islam,Bangladesh,7
373538,Sabbir Rahman,Bangladesh,57
56186,Tushar Imran,Bangladesh,41
301608,Tithy Sarkar,Bangladesh,1
487001,Tazia Akhter,Bangladesh,4
538506,Taskin Ahmed,Bangladesh,32
56188,Tareq Aziz,Bangladesh,10
56176,Tapash Baisya,Bangladesh,56
421892,Tanbir Hayder,Bangladesh,2
56194,Tamim Iqbal,Bangladesh,189
56180,Talha Jubair,Bangladesh,6
401057,Taijul Islam,Bangladesh,4
56162,Wahidul Gani,Bangladesh,1
56167,Ziaur Rahman,Bangladesh,13
56173,Zakir Hossain,Bangladesh,1
56166,Zakir Hasan,Bangladesh,1
56165,Zahid Razzak,Bangladesh,3
56229,Azhar Hossain,Bangladesh,7
301595,Ayasha Rahman,Bangladesh,12
56227,Athar Ali Khan,Bangladesh,19
270135,Ariful Haque,Bangladesh,1
56268,Arafat Sunny,Bangladesh,16
56255,Anwar Hossain,Bangladesh,1
56235,Anwar Hossain Monir,Bangladesh,1
56222,Anisur Rahman,Bangladesh,2
380354,Anamul Haque,Bangladesh,37
56225,Aminul Islam,Bangladesh,1
56224,Aminul Islam,Bangladesh,39
56219,Al Sahariar,Bangladesh,29
511532,Al-Amin Hossain,Bangladesh,14
56251,Alok Kapali,Bangladesh,69
56221,Akram Khan,Bangladesh,44
56238,Ahmed Kamal,Bangladesh,1
56266,Aftab Ahmed,Bangladesh,85
550137,Abu Hider,Bangladesh,2
373439,Abul Hasan,Bangladesh,7
56283,Abdur Razzak,Bangladesh,153
924287,Umesha Thimashini,Sri Lanka,1
428366,Lahiru Madushanka,Sri Lanka,4
49005,Asanka Gurusinha,Sri Lanka,147
42428,Rizwan-uz-Zaman,Pakistan,3
701751,Rosemary Mair,New Zealand,3
37095,Daniel Flynn,New Zealand,20
53132,Carl Tuckett,West Indies,1
53153,Gavin Tonge,West Indies,5
53130,Patterson Thompson,West Indies,2
55175,Philippa Thomas,West Indies,26
914567,Oshane Thomas,West Indies,9
248920,Devon Thomas,West Indies,21
55158,Menota Tekah,West Indies,6
355359,Stafanie Taylor,West Indies,117
53191,Jerome Taylor,West Indies,90
355358,Charlene Taitt,West Indies,16
53234,Stuart Williams,West Indies,57
55164,Nelly Williams,West Indies,30
53233,Laurie Williams,West Indies,15
55130,Leila Williams,West Indies,6
450075,Kesrick Williams,West Indies,8
55161,Envis Williams,West Indies,21
53230,David Williams,West Indies,36
55159,Patricia Whittaker,West Indies,1
474202,Vanessa Watts,West Indies,1
315586,Chadwick Walton,West Indies,9
530153,Felicia Walters,West Indies,2
53216,Courtney Walsh,West Indies,205
53214,Philo Wallace,West Indies,33
213674,Todd Astle,New Zealand,9
36185,Nathan Astle,New Zealand,223
54478,Lisa Astle,New Zealand,1
54349,Trudy Anderson,New Zealand,26
36180,Robert Anderson,New Zealand,2
54473,Kelly Anderson,New Zealand,6
277662,Corey Anderson,New Zealand,49
36179,Geoff Allott,New Zealand,31
54424,Liz Allan,New Zealand,7
36187,Graeme Aldridge,New Zealand,2
36192,Andre Adams,New Zealand,42
54388,Kirsty Bond,New Zealand,38
36331,Ian Butler,New Zealand,26
54384,Vicki Burtt,New Zealand,9
54530,Abby Burrows,New Zealand,9
54361,Joc Burley,New Zealand,2
54529,Sarah Burke,New Zealand,36
36314,Mark Burgess,New Zealand,26
36312,Carl Bulfin,New Zealand,4
4493,Dean Brownlie,New Zealand,16
54504,Nicola Browne,New Zealand,125
36310,Vaughan Brown,New Zealand,3
54357,Sue Brown,New Zealand,18
54362,Kelly Brown,New Zealand,14
36581,Neil Broom,New Zealand,39
54545,Bev Brentnall,New Zealand,5
328248,Janet Brehaut,New Zealand,3
36308,Grant Bradburn,New Zealand,11
36306,John Bracewell,New Zealand,53
362541,Doug Bracewell,New Zealand,19
36304,Brendon Bracewell,New Zealand,1
277912,Trent Boult,New Zealand,79
36303,Stephen Boock,New Zealand,14
36326,Shane Bond,New Zealand,82
36299,Bruce Blair,New Zealand,14
36297,Tony Blain,New Zealand,38
499247,Bernadine Bezuidenhout,New Zealand,11
54544,Barb Bevege,New Zealand,16
274423,Erin Bermingham,New Zealand,34
226493,Hamish Bennett,New Zealand,16
36294,Matthew Bell,New Zealand,7
54565,Suzie Bates,New Zealand,121
36590,Michael Bates,New Zealand,2
36285,Mark Bailey,New Zealand,1
54352,Eileen Badham,New Zealand,19
324219,Sam Curtis,New Zealand,20
36627,Craig Cumming,New Zealand,13
36622,Martin Crowe,New Zealand,143
36620,Jeff Crowe,New Zealand,75
54494,Ingrid Cronin-Knight,New Zealand,3
54378,Shirley Cowles,New Zealand,5
54373,Delwyn Costello,New Zealand,7
36611,Bevan Congdon,New Zealand,11
36609,Jeremy Coney,New Zealand,88
36608,Peter Coman,New Zealand,3
36606,Richard Collinge,New Zealand,15
54372,Jackie Clark,New Zealand,31
36603,Ewen Chatfield,New Zealand,114
54559,Selena Charteris,New Zealand,5
438563,Mark Chapman,New Zealand,5
54371,Pat Carrick,New Zealand,3
36632,Tama Canning,New Zealand,4
231306,Rachel Candy,New Zealand,18
274422,Emma Campbell,New Zealand,2
54288,Catherine Campbell,New Zealand,85
36597,Chris Cairns,New Zealand,215
36595,Lance Cairns,New Zealand,78
54370,Di Caird,New Zealand,4
54383,Jeanette Dunning,New Zealand,22
54290,Emily Drumm,New Zealand,101
36839,Chris Drum,New Zealand,5
543466,Lauren Down,New Zealand,9
36835,Simon Doull,New Zealand,42
54382,Judi Doull,New Zealand,5
36833,Mark Douglas,New Zealand,6
231311,Lucy Doolan,New Zealand,40
324353,Natalie Dodd,New Zealand,12
54464,Anna Dodd,New Zealand,31
36950,Brendon Diamanti,New Zealand,1
231740,Sophie Devine,New Zealand,102
36948,Anton Devcich,New Zealand,12
36826,Richard de Groen,New Zealand,12
55395,Colin de Grandhomme,New Zealand,28
36825,Heath Davis,New Zealand,11
54351,Helen Daly,New Zealand,3
36993,Andrew Ellis,New Zealand,15
44956,Grant Elliott,New Zealand,83
36952,Jock Edwards,New Zealand,6
36951,Bruce Edgar,New Zealand,64
274175,Kate Ebrahim,New Zealand,31
37091,Peter Fulton,New Zealand,49
54294,Justine Fryer,New Zealand,7
54391,Shelley Fruin,New Zealand,23
54389,Linda Fraser,New Zealand,13
54533,Fiona Fraser,New Zealand,5
37002,Trevor Franklin,New Zealand,3
37004,James Franklin,New Zealand,110
54369,Debbie Ford,New Zealand,3
37000,Stephen Fleming,New Zealand,280
54292,Paula Flannery,New Zealand,17
493773,Lockie Ferguson,New Zealand,27
54481,Maria Fahey,New Zealand,54
543488,Georgia Guy,New Zealand,7
226492,Martin Guptill,New Zealand,169
54374,Karen Gunn,New Zealand,45
54335,Paula Gruber,New Zealand,2
438265,Maddy Green,New Zealand,27
54493,Amanda Green,New Zealand,14
37105,Mark Greatbatch,New Zealand,84
37103,Evan Gray,New Zealand,10
37102,Stu Gillespie,New Zealand,19
37111,Mark Gillespie,New Zealand,32
54390,Shona Gilchrist,New Zealand,8
37101,Lee Germon,New Zealand,37
233823,Holly Huddleston,New Zealand,33
37257,Llorne Howell,New Zealand,12
37255,Hedley Howarth,New Zealand,9
37254,Geoff Howarth,New Zealand,70
37265,Jamie How,New Zealand,41
37251,Phil Horne,New Zealand,4
37250,Matt Horne,New Zealand,50
37248,Gareth Hopkins,New Zealand,25
54298,Debbie Hockley,New Zealand,118
37263,Paul Hitchcock,New Zealand,14
54546,Cheryl Henshilwood,New Zealand,2
506612,Matt Henry,New Zealand,43
37245,Roydon Hayes,New Zealand,1
37243,Brian Hastings,New Zealand,11
37241,Mark Haslam,New Zealand,1
37235,Blair Hartland,New Zealand,16
37240,Ron Hart,New Zealand,1
37239,Robbie Hart,New Zealand,2
37237,Matthew Hart,New Zealand,13
54394,Sheree Harris,New Zealand,2
54569,Mary Harris,New Zealand,12
54397,Julie Harris,New Zealand,45
37232,Chris Harris,New Zealand,250
54296,Losi Harford,New Zealand,3
37228,Lance Hamilton,New Zealand,2
54341,Jan Hall,New Zealand,11
37224,Sir Richard Hadlee,New Zealand,115
54396,Karen Hadlee,New Zealand,1
37222,Dayle Hadlee,New Zealand,11
37220,Barry Hadlee,New Zealand,2
38952,Peter Ingram,New Zealand,8
54402,Sarah Illingworth,New Zealand,37
37494,Richard Jones,New Zealand,5
37491,Andrew Jones,New Zealand,87
439029,Hayley Jensen,New Zealand,8
54399,Ingrid Jagersma,New Zealand,34
539548,Scott Kuggeleijn,New Zealand,2
37532,Chris Kuggeleijn,New Zealand,16
54405,Penny Kinsella,New Zealand,20
54490,Frances King,New Zealand,15
803971,Amelia Kerr,New Zealand,29
37530,Robert Kennedy,New Zealand,7
438263,Meg Kendal,New Zealand,6
54518,Ros Kember,New Zealand,10
54333,Katrina Keenan,New Zealand,54
306524,Leigh Kasperek,New Zealand,30
54404,Yvonne Kainuku,New Zealand,2
54536,Michelle Lynch,New Zealand,6
54410,Jackie Lord,New Zealand,15
54409,Linda Lindsay,New Zealand,2
232998,Victoria Lind,New Zealand,8
441858,Felicity Leydon-Davis,New Zealand,1
54542,Karen Musson,New Zealand,13
37735,Darrin Murray,New Zealand,1
54543,Lesley Murdoch,New Zealand,25
232359,Colin Munro,New Zealand,51
54304,Maia Lewis,New Zealand,78
54387,Brigit Legg,New Zealand,18
37605,Warren Lees,New Zealand,31
54302,Karen Le Comber,New Zealand,15
37731,John Morrison,New Zealand,18
37730,Danny Morrison,New Zealand,96
54421,Sue Morris,New Zealand,8
388802,Tom Latham,New Zealand,85
37602,Rod Latham,New Zealand,33
37601,Gavin Larsen,New Zealand,121
54419,Katrina Molloy,New Zealand,5
450860,Adam Milne,New Zealand,40
37740,Kyle Mills,New Zealand,170
37720,Jonathan Millmow,New Zealand,5
54506,Louise Milliken,New Zealand,48
54570,Chris Miller,New Zealand,10
54686,Rowan Milburn,New Zealand,15
355267,Andrew Mathieson,New Zealand,1
37701,Michael Mason,New Zealand,26
54537,Katey Martin,New Zealand,75
37700,Chris Martin,New Zealand,20
37698,James Marshall,New Zealand,10
37696,Hamish Marshall,New Zealand,66
54403,Carol Marett,New Zealand,14
37714,Ervin McSweeney,New Zealand,16
54469,Beth McNeill,New Zealand,23
37712,Craig McMillan,New Zealand,197
54308,Sarah McLauchlan,New Zealand,29
54417,Ann McKenna,New Zealand,14
54416,Trish McKelvey,New Zealand,21
37707,Brian McKechnie,New Zealand,14
312174,Frances Mackay,New Zealand,19
38005,Andy McKay,New Zealand,19
54527,Sara McGlashan,New Zealand,134
37770,Peter McGlashan,New Zealand,4
37703,Paul McEwan,New Zealand,17
54414,Kim McDonald,New Zealand,6
54306,Erin McDonald,New Zealand,3
37749,Nathan McCullum,New Zealand,84
37737,Brendon McCullum,New Zealand,260
319439,Mitchell McClenaghan,New Zealand,48
324246,Morna Nielsen,New Zealand,52
38058,Rob Nicol,New Zealand,22
54310,Clare Nicholson,New Zealand,35
539511,Henry Nicholls,New Zealand,41
544428,Thamsyn Newton,New Zealand,10
38009,Chris Nevin,New Zealand,37
377639,Tarun Nethula,New Zealand,5
355269,James Neesham,New Zealand,49
38008,Dion Nash,New Zealand,81
38066,Michael Owens,New Zealand,1
38064,David O'Sullivan,New Zealand,3
38062,Jacob Oram,New Zealand,160
54423,Jenny Olson,New Zealand,4
38060,Shayne O'Connor,New Zealand,38
38108,Iain O'Brien,New Zealand,10
54319,Rachel Pullar,New Zealand,51
54317,Kate Pulford,New Zealand,46
38133,Chris Pringle,New Zealand,64
231305,Rachel Priest,New Zealand,86
38132,Mark Priest,New Zealand,18
54434,Lynda Prichard,New Zealand,5
38129,Vic Pollard,New Zealand,3
54430,Karen Plummer,New Zealand,11
38124,Richard Petrie,New Zealand,12
329003,Anna Peterson,New Zealand,32
54429,Maureen Peters,New Zealand,16
54452,Liz Perry,New Zealand,17
274958,Katie Perkins,New Zealand,67
38120,Andrew Penn,New Zealand,5
54315,Nicola Payne,New Zealand,65
38141,Jeetan Patel,New Zealand,43
38118,Dipak Patel,New Zealand,75
38117,Adam Parore,New Zealand,179
38114,Murray Parker,New Zealand,1
38113,John Parker,New Zealand,24
38111,Michael Papps,New Zealand,6
54395,Glenys Page,New Zealand,2
38373,Jesse Ryder,New Zealand,48
54408,Edna Ryan,New Zealand,15
38258,Ken Rutherford,New Zealand,121
331375,Hamish Rutherford,New Zealand,4
54439,Justine Russell,New Zealand,5
274569,Sian Ruck,New Zealand,27
543550,Hannah Rowe,New Zealand,19
54435,Ethna Rouse,New Zealand,3
7502,Luke Ronchi,New Zealand,85
54323,Rebecca Rolls,New Zealand,104
38252,Gary Robertson,New Zealand,10
38255,Stu Roberts,New Zealand,2
38253,Andy Roberts,New Zealand,1
38251,Mark Richardson,New Zealand,4
38249,Richard Reid,New Zealand,9
38246,John Reid,New Zealand,25
38244,Rodney Redmond,New Zealand,2
38264,Aaron Redmond,New Zealand,6
54432,Sue Rattray,New Zealand,30
395057,Seth Rance,New Zealand,2
54321,Kathryn Ramel,New Zealand,47
38411,Glen Sulzberger,New Zealand,3
38409,Murphy Su'a,New Zealand,12
38407,Scott Styris,New Zealand,188
38405,Warren Stott,New Zealand,1
38404,Derek Stirling,New Zealand,6
38418,Shanan Stewart,New Zealand,4
54485,Rebecca Steele,New Zealand,32
38401,Craig Spearman,New Zealand,51
232364,Tim Southee,New Zealand,139
559066,Ish Sodhi,New Zealand,30
38398,Martin Snedden,New Zealand,93
54441,Lynette Smith,New Zealand,6
38396,Ian Smith,New Zealand,98
54313,Anna Smith,New Zealand,19
38393,Mathew Sinclair,New Zealand,54
54445,Lois Simpson,New Zealand,12
54444,Rose Signal,New Zealand,6
54443,Liz Signal,New Zealand,19
54440,Viv Sexton,New Zealand,2
625964,Tim Seifert,New Zealand,3
54499,Natalee Scripps,New Zealand,7
54438,Jill Saulbrey,New Zealand,5
233007,Amy Satterthwaite,New Zealand,119
502714,Mitchell Santner,New Zealand,59
38624,Roger Twose,New Zealand,87
54455,Nicki Turner,New Zealand,28
54454,Jennifer Turner,New Zealand,30
38622,Glenn Turner,New Zealand,41
54337,Munokoa Tunupopo,New Zealand,3
38620,Daryl Tuffey,New Zealand,94
54347,Sarah Tsukigawa,New Zealand,42
54329,Donna Trow,New Zealand,2
38617,Gary Troup,New Zealand,22
54327,Emily Travers,New Zealand,3
233825,Kerry-Anne Tomlinson,New Zealand,4
54325,Haidee Tiffen,New Zealand,117
38613,Shane Thomson,New Zealand,56
38626,Ewen Thompson,New Zealand,1
38699,Ross Taylor,New Zealand,218
38609,Bruce Taylor,New Zealand,2
38608,Alex Tait,New Zealand,5
380929,Lea Tahuhu,New Zealand,66
38711,Graham Vivian,New Zealand,1
38714,Lou Vincent,New Zealand,102
38710,Daniel Vettori,New Zealand,295
38757,John Wright,New Zealand,149
38708,Justin Vaughan,New Zealand,18
38707,Bert Vance,New Zealand,8
277911,George Worker,New Zealand,10
38920,Luke Woodcock,New Zealand,4
38755,Warren Wisneski,New Zealand,3
38753,Paul Wiseman,New Zealand,15
38751,Jeff Wilson,New Zealand,6
277906,Kane Williamson,New Zealand,139
54459,Nancy Williams,New Zealand,19
38749,David White,New Zealand,3
440523,Ben Wheeler,New Zealand,6
38746,Richard Webb,New Zealand,3
38745,Peter Webb,New Zealand,5
38742,Willie Watson,New Zealand,61
54331,Helen Watson,New Zealand,66
38924,BJ Watling,New Zealand,28
54300,Aimee Watkins,New Zealand,103
697885,Jess Watkin,New Zealand,6
38740,Kerry Walmsley,New Zealand,2
38760,Matthew Walker,New Zealand,3
38737,Brooke Walker,New Zealand,11
38735,Ken Wadsworth,New Zealand,13
35320,Sachin Tendulkar,India,463
28114,Rahul Dravid,India,344
28081,MS Dhoni,India,341
26329,Mohammad Azharuddin,India,334
28779,Sourav Ganguly,India,311
36084,Yuvraj Singh,India,304
30176,Anil Kumble,India,271
35263,Virender Sehwag,India,251
29264,Harbhajan Singh,India,236
34105,Javagal Srinath,India,229
253802,Virat Kohli,India,227
33335,Suresh Raina,India,226
30028,Kapil Dev,India,225
34102,Rohit Sharma,India,206
54273,Mithali Raj,India,203
30102,Zaheer Khan,India,200
29632,Ajay Jadeja,India,196
38929,Bryan Young,New Zealand,74
26184,Ajit Agarkar,India,191
53932,Jhulan Goswami,India,177
32345,Venkatesh Prasad,India,161
234675,Ravindra Jadeja,India,151
33975,Ravi Shastri,India,150
28763,Gautam Gambhir,India,147
34103,Kris Srikkanth,India,146
31036,Nayan Mongia,India,140
34059,Robin Singh,India,136
34028,Navjot Sidhu,India,136
32323,Manoj Prabhakar,India,130
35654,Dilip Vengsarkar,India,129
28235,Shikhar Dhawan,India,128
53910,Anjum Chopra,India,127
29990,Mohammad Kaif,India,125
31820,Ashish Nehra,India,120
32685,Irfan Pathan,India,120
54172,Amita Sharma,India,116
26421,Ravichandran Ashwin,India,111
28794,Sunil Gavaskar,India,108
326016,Bhuvneshwar Kumar,India,105
30009,Vinod Kambli,India,104
53912,Neetu David,India,97
31038,Kiran More,India,94
372317,Harmanpreet Kaur,India,93
30045,Dinesh Karthik,India,91
277916,Ajinkya Rahane,India,90
30750,VVS Laxman,India,86
26225,Mohinder Amarnath,India,85
236779,Ishant Sharma,India,80
54286,Nooshin Al Khadeer,India,78
54114,Rumeli Dhar,India,78
53917,Hemlata Kala,India,78
54000,Jaya Sharma,India,77
376116,Umesh Yadav,India,75
30934,Sanjay Manjrekar,India,74
26948,Roger Binny,India,72
32965,Munaf Patel,India,70
29725,Sunil Joshi,India,69
30732,Praveen Kumar,India,68
30873,Madan Lal,India,67
53915,Anju Jain,India,65
33949,Chetan Sharma,India,65
481896,Mohammed Shami,India,63
360401,Punam Raut,India,61
290716,Kedar Jadhav,India,59
54128,Deepa Marathe,India,59
30923,Maninder Singh,India,59
35280,RP Singh,India,58
442048,Ekta Bisht,India,57
31034,Dinesh Mongia,India,57
32498,Yusuf Pathan,India,57
33141,Ambati Rayudu,India,55
34274,Sreesanth,India,53
33044,Venkatapathy Raju,India,53
597806,Smriti Mandhana,India,50
263980,Gouher Sultana,India,50
625383,Jasprit Bumrah,India,49
30116,Syed Kirmani,India,49
442205,Veda Krishnamurthy,India,48
597811,Deepti Sharma,India,48
54016,Sulakshana Naik,India,46
442145,Shikha Pandey,India,46
35582,Robin Uthappa,India,46
31025,Debasis Mohanty,India,45
32283,Sandeep Patil,India,45
625371,Hardik Pandya,India,45
559235,Kuldeep Yadav,India,44
54171,Karu Jain,India,44
36075,Yashpal Sharma,India,42
430246,Yuzvendra Chahal,India,41
54233,Reema Malhotra,India,41
630972,Poonam Yadav,India,41
26802,Hemang Badani,India,40
54260,Mamatha Maben,India,40
27641,Nikhil Chopra,India,39
220728,Thirush Kamini,India,39
32242,Parthiv Patel,India,38
554691,Axar Patel,India,38
597821,Sushma Verma,India,38
26238,Pravin Amre,India,37
709635,Rajeshwari Gayakwad,India,37
30049,Murali Kartik,India,37
31107,Amit Mishra,India,36
32179,Chandrakant Pandit,India,36
27622,Rajesh Chauhan,India,35
54044,Diana Edulji,India,34
30042,Saba Karim,India,34
30018,Hrishikesh Kanitkar,India,34
54051,Purnima Rau,India,33
26290,Arshad Ayub,India,32
30745,Raman Lamba,India,32
54052,Chanderkanta Kaul,India,31
32391,Ramesh Powar,India,31
33943,Ajay Sharma,India,31
35731,Vinay Kumar,India,31
26829,Lakshmipathy Balaji,India,30
54230,Arundhati Kirkire,India,30
54081,Sunetra Paranjpe,India,28
54082,Shubhangi Kulkarni,India,27
220680,Priyanka Roy,India,27
33058,Woorkeri Raman,India,27
54124,Gargi Banerji,India,26
490624,Mona Meshram,India,26
537119,Mohit Sharma,India,26
26325,Kirti Azad,India,25
32966,Piyush Chawla,India,25
30182,Abey Kuruvilla,India,25
35712,Gundappa Viswanath,India,25
33066,Sadagoppan Ramesh,India,24
53944,Preeti Dimri,India,23
28090,Sameer Dighe,India,23
220679,Anagha Deshpande,India,23
53924,Renu Margrate,India,23
33963,Sanjeev Sharma,India,23
290630,Manish Pandey,India,23
54236,Pramila Bhatt,India,22
54283,Smitha Harikrishna,India,22
220678,Niranjana Nagarajan,India,22
33816,Balwinder Sandhu,India,22
35713,Sadanand Viswanath,India,22
53913,Sandhya Agarwal,India,21
26257,Salil Ankola,India,20
54239,Sandra Braganza,India,20
54253,Shashi Gupta,India,20
54256,Nilima Jogalekar,India,20
30912,Ashok Malhotra,India,20
226657,Asha Rawat,India,20
27978,Vijay Dahiya,India,19
54242,Sangita Dabir,India,19
28813,Karsan Ghavri,India,19
54270,Anjali Pendharker,India,19
54274,Shanta Rangaswamy,India,19
36069,Vijay Yadav,India,19
29299,Narendra Hirwani,India,18
34078,Reetinder Sodhi,India,18
54176,Sunita Singh,India,18
32130,Pragyan Ojha,India,18
30030,Aashish Kapoor,India,17
32346,Mannava Prasad,India,17
237095,Murali Vijay,India,17
29280,Harvinder Singh,India,16
34074,Laxman Sivaramakrishnan,India,16
35805,Venugopal Rao,India,16
54237,Lopamudra Bhattacharj,India,15
27225,Sanjay Bangar,India,15
28107,Dilip Doshi,India,15
54254,Diana David,India,15
28754,Anshuman Gaekwad,India,15
54035,Devika Palshikar,India,15
35656,Srinivas Venkataraghavan,India,15
27223,Stuart Binny,India,14
54240,Sharmila Chakraborty,India,14
54161,Monica Sumra,India,14
422108,KL Rahul,India,14
26295,Arun Lal,India,13
26872,Atul Bedade,India,13
227712,Ashok Dinda,India,13
54246,Rajeshwari Dholakia,India,13
54259,Fowzieh Khalili,India,13
54046,Sudha Shah,India,13
277955,Dhawal Kulkarni,India,12
30112,Amay Khurasiya,India,12
54169,Rupanjali Shastri,India,12
33127,Ajay Ratra,India,12
35565,Manoj Tiwary,India,12
36054,Jai Prakash Yadav,India,12
54235,Vrinda Bhagat,India,11
372319,Archana Das,India,11
54248,Laya Francis,India,11
54251,Arunadhati Ghosh,India,11
28792,Rohan Gavaskar,India,11
33952,Gopal Sharma,India,11
26875,Bishan Bedi,India,10
30151,Raju Kulkarni,India,10
30149,Nilesh Kulkarni,India,10
960815,Mansi Joshi,India,10
30077,Surinder Khanna,India,10
30954,Jacob Martin,India,10
490627,Shubhlakshmi Sharma,India,10
32231,Brijesh Patel,India,10
883405,Jemimah Rodrigues,India,10
32201,Ghulam Parkar,India,10
34214,Rahul Sanghvi,India,10
35673,Vijay Bharadwaj,India,10
360911,Varun Aaron,India,9
883423,Taniya Bhatia,India,9
477021,Vijay Shankar,India,9
279810,Wriddhiman Saha,India,9
53919,Varsha Raffel,India,9
54165,Rajani Venugopal,India,9
709837,Devika Vaidya,India,9
35939,Atul Wassan,India,9
942645,Khaleel Ahmed,India,8
26815,Sairaj Bahutule,India,8
54281,Kalyani Dhokarikar,India,8
30157,Thirunavukkarasu Kumaran,India,8
54258,Venkatacher Kalpana,India,8
34118,Sridharan Sriram,India,8
54063,Seema Pujare,India,8
32226,Ashok Patel,India,8
26806,S Badrinath,India,7
27619,Chetan Chauhan,India,7
27592,V.B.Chandrasekhar,India,7
54216,Mamatha Kanojia,India,7
597820,Ravi Kalpana,India,7
34085,Eknath Solkar,India,7
33120,Vikram Rathour,India,7
556537,Sneh Rana,India,7
390484,Jaydev Unadkat,India,7
36064,Shivlal Yadav,India,7
54234,Runa Basu,India,6
26853,Subroto Banerjee,India,6
54245,Rita Dey,India,6
28808,Rajinder Singh Ghai,India,6
961107,Dayalan Hemalatha,India,6
642519,Shreyas Iyer,India,6
54262,Rishijae Mudgel,India,6
54284,Renuka Majumder,India,6
54277,Sujata Sridhar,India,6
537126,Barinder Sran,India,6
54276,Manimala Singhal,India,6
220729,Snehal Pradhan,India,6
883413,Pooja Vastrakar,India,6
372242,Vellaswamy Vanitha,India,6
1070168,Prithvi Shaw,India,6
53930,Arati Vaidya,India,6
36078,Yograj Singh,India,6
26169,Syed Abid Ali,India,5
54279,Purnima Choudhary,India,5
28146,Deep Dasgupta,India,5
28624,Farokh Engineer,India,5
53948,Rajeshwari Goyal,India,5
310958,Abhimanyu Mithun,India,5
32540,Cheteshwar Pujara,India,5
54227,Amrita Shinde,India,5
54056,Shyama Shaw,India,5
931581,Rishabh Pant,India,5
34211,Sarandeep Singh,India,5
475281,Shardul Thakur,India,5
442050,Neha Tanwar,India,5
26293,Bharat Arun,India,4
28149,Noel David,India,4
28010,Shiv Sunder Das,India,4
54043,Soniya Dabir,India,4
53972,Bindeshwari Goyal,India,4
54249,Rekha Godbole,India,4
29976,Joginder Sharma,India,4
31808,Suru Nayak,India,4
226658,Sravanthi Naidu,India,4
272994,Rahul Sharma,India,4
33891,Thirumalai Sekhar,India,4
32192,Jatin Paranjpe,India,4
34264,Aavishkar Salvi,India,4
33034,Lalchand Rajput,India,4
317784,Sudeep Tyagi,India,4
35627,Prashant Vaidya,India,4
26226,Surinder Amarnath,India,3
597803,Ritu Dhrub,India,3
290727,Rishi Dhawan,India,3
27603,Utpal Chatterjee,India,3
537124,Gurkeerat Singh Mann,India,3
28770,Devang Gandhi,India,3
326017,Siddarth Kaul,India,3
31048,Saradindu Mukherjee,India,3
30999,Paras Mhambrey,India,3
53938,Babita Mandlik,India,3
442052,Samantha Lobatto,India,3
32091,Abhishek Nayar,India,3
34019,Laxmi Shukla,India,3
54275,Anjali Sharma,India,3
54267,Kalpan Paropkari,India,3
33152,Bharath Reddy,India,3
33151,Vivek Razdan,India,3
54266,Shobha Pandit,India,3
597817,Swagatika Rath,India,3
35390,Saurabh Tiwary,India,3
36080,Tinu Yohannan,India,3
54238,Sreerupa Bose,India,2
26942,Bhupinder Singh,India,2
26896,Amit Bhandari,India,2
317293,Manpreet Gony,India,2
54089,Reshma Gandhi,India,2
54255,Susan Itticheria,India,2
30107,Gagan Khoda,India,2
29646,Wasim Jaffer,India,2
54257,Neeta Kadam,India,2
552332,Madhuri Mehta,India,2
54265,Ujwala Nikam,India,2
398439,Karun Nair,India,2
31778,Sudhir Naik,India,2
34109,Tirumalai Srinivasan,India,2
34086,Sujith Somasunder,India,2
35281,Vikram Singh,India,2
34057,R.P.Singh,India,2
1070173,Shubman Gill,India,2
33958,Parthasarthi Sharma,India,2
30288,Karn Sharma,India,2
32168,Gyanendra Pandey,India,2
33129,Sanjay Raul,India,2
33085,Randhir Singh,India,2
35933,Ajit Wadekar,India,2
252229,Nidhi Buley,India,1
26966,Gopal Bose,India,1
28067,Pankaj Dharmani,India,1
54243,Minoti Desai,India,1
960845,Harleen Deol,India,1
27591,Bhagwath Chandrasekhar,India,1
447261,Deepak Chahar,India,1
28884,Gursharan Singh,India,1
490619,Shilpa Gupta,India,1
28671,Faiz Fazal,India,1
28774,Dodda Ganesh,India,1
30135,Pochiah Krishnamurthy,India,1
29998,Abhijit Kale,India,1
940973,Mohammed Siraj,India,1
54261,Sandhya Mazumdar,India,1
30938,Ashok Mankad,India,1
54264,Manju Nadgoda,India,1
34136,Sudhakar Rao,India,1
627072,Sneha Deepthi,India,1
54271,Rekha Punekar,India,1
709843,Preeti Bose,India,1
960973,Nuzhat Parween,India,1
32249,Rashid Patel,India,1
39026,Azmat Rana,Pakistan,2
39024,Azhar Mahmood,Pakistan,143
39037,Azhar Ali,Pakistan,53
39021,Azeem Hafeez,Pakistan,15
39020,Azam Khan,Pakistan,6
915489,Ayesha Zafar,Pakistan,23
39019,Atiq-uz-Zaman,Pakistan,3
39015,Ata-ur-Rehman,Pakistan,30
54983,Asma Farzand,Pakistan,8
220665,Asmavia Iqbal,Pakistan,92
39013,Asif Mujtaba,Pakistan,66
39012,Asif Masood,Pakistan,7
39011,Asif Mahmood,Pakistan,2
39010,Asif Iqbal,Pakistan,10
494230,Asif Ali,Pakistan,11
39008,Ashraf Ali,Pakistan,16
39007,Ashfaq Ahmed,Pakistan,3
316397,Asad Shafiq,Pakistan,60
222728,Asad Ali,Pakistan,4
39006,Arshad Pervez,Pakistan,2
39005,Arshad Khan,Pakistan,58
220663,Armaan Khan,Pakistan,12
232491,Anwar Ali,Pakistan,22
38999,Anil Dalpat,Pakistan,15
725879,Anam Amin,Pakistan,19
346679,Almas Akram,Pakistan,12
572645,Aliya Riaz,Pakistan,19
38989,Akram Raza,Pakistan,49
38986,Akhtar Sarfraz,Pakistan,4
39821,Aizaz Cheema,Pakistan,14
54982,Aisha Jalil,Pakistan,3
941805,Aiman Anwer,Pakistan,6
259410,Ahmed Shehzad,Pakistan,81
39038,Adnan Akmal,Pakistan,5
54981,Abida Khan,Pakistan,2
39091,Abdur Rehman,Pakistan,31
39084,Abdur Rauf,Pakistan,4
39836,Abdul Razzaq,Pakistan,265
54269,Rita Patel,India,1
32102,Naman Ojha,India,1
38973,Abdul Qadir,Pakistan,104
578454,Rasanara Parwin,India,1
38970,Aaqib Javed,Pakistan,163
434429,Aamer Yamin,Pakistan,4
38967,Aamer Sohail,Pakistan,156
38966,Aamer Nazir,Pakistan,9
38965,Aamer Malik,Pakistan,24
38964,Aamer Hanif,Pakistan,5
38963,Aamer Hameed,Pakistan,2
54061,Kavita Roy,India,1
378496,Parvez Rasool,India,1
960749,Sukanya Parida,India,1
32973,Pankaj Singh,India,1
54250,Beas Sarkar,India,1
54213,Lissy Samuel,India,1
35657,Margashayam Venkataramana,India,1
719715,Washington Sundar,India,1
1170265,Tilak Verma,India,0
720471,Ishan Kishan,India,1
1060380,Ruturaj Gaikwad,India,1
446507,Suryakumar Ashok Yadav,India,1
1151278,Yashasvi Jaiswal,India,0
799389,Soni Yadav,India,1
447587,Jayant Yadav,India,1
260229,Bismah Maroof,Pakistan,100
343305,Bilawal Bhatti,Pakistan,10
498875,Bilal Asif,Pakistan,3
39956,Bazid Khan,Pakistan,5
55019,Batool Fatima,Pakistan,83
39954,Basit Ali,Pakistan,50
348144,Babar Azam,Pakistan,59
572638,Diana Baig,Pakistan,18
54984,Deebah Sherazi,Pakistan,9
40043,Danish Kaneria,Pakistan,18
572642,Elizebath Khan,Pakistan,1
547092,Ehsan Adil,Pakistan,6
40094,Fazl-e-Akbar,Pakistan,2
40250,Fawad Alam,Pakistan,38
512191,Fakhar Zaman,Pakistan,31
40088,Faisal Iqbal,Pakistan,18
40113,Faisal Athar,Pakistan,1
681117,Faheem Ashraf,Pakistan,19
40104,Fahad Usman,Pakistan,2
1080011,Ghulam Fatima,Pakistan,3
40305,Ghulam Ali,Pakistan,3
628240,Hussain Talat,Pakistan,1
231037,Humera Masroor,Pakistan,1
40383,Humayun Farhat,Pakistan,5
55023,Huda Ziad,Pakistan,15
40378,Hasan Raza,Pakistan,16
40376,Hasan Jamil,Pakistan,6
681305,Hasan Ali,Pakistan,44
40375,Haroon Rasheed,Pakistan,12
318788,Haris Sohail,Pakistan,27
384518,Hammad Azam,Pakistan,11
40369,Haafiz Shahid,Pakistan,3
40577,Irfan Fazil,Pakistan,1
40575,Irfan Bhatti,Pakistan,1
572633,Iram Javed,Pakistan,15
40574,Iqbal Sikander,Pakistan,4
40572,Iqbal Qasim,Pakistan,15
40570,Inzamam-ul-Haq,Pakistan,378
40567,Intikhab Alam,Pakistan,4
40563,Imran Nazir,Pakistan,79
40560,Imran Khan,Pakistan,175
40582,Imran Farhat,Pakistan,58
40580,Imran Abbas,Pakistan,2
568276,Imam-ul-Haq,Pakistan,22
227758,Imad Wasim,Pakistan,37
40556,Ijaz Faqih,Pakistan,27
40553,Ijaz Ahmed,Pakistan,2
40551,Ijaz Ahmed,Pakistan,250
40591,Iftikhar Anjum,Pakistan,62
480603,Iftikhar Ahmed,Pakistan,2
40926,Junaid Zia,Pakistan,4
259551,Junaid Khan,Pakistan,71
572648,Javeria Rauf,Pakistan,4
346680,Javeria Khan,Pakistan,95
40880,Javed Qadeer,Pakistan,1
40879,Javed Miandad,Pakistan,233
40872,Jalal-ud-Din,Pakistan,8
54989,Kiran Baluch,Pakistan,40
54987,Kiran Ahtazaz,Pakistan,2
54986,Khursheed Jabeen,Pakistan,30
41140,Khurram Manzoor,Pakistan,7
41046,Khalid Latif,Pakistan,5
41036,Kashif Raza,Pakistan,1
361857,Kanwal Naz,Pakistan,3
41058,Kamran Hussain,Pakistan,2
41028,Kamran Akmal,Pakistan,157
361856,Kainat Imtiaz,Pakistan,11
41026,Kabir Khan,Pakistan,10
41318,Mushtaq Mohammad,Pakistan,10
41316,Mushtaq Ahmed,Pakistan,144
54995,Muqudos Khan,Pakistan,3
941795,Muneeba Ali,Pakistan,7
41310,Mujahid Jamshed,Pakistan,4
41308,Mudassar Nazar,Pakistan,122
41306,Moin Khan,Pakistan,219
41304,Moin-ul-Atiq,Pakistan,5
41303,Mohsin Khan,Pakistan,75
41301,Mohsin Kamal,Pakistan,19
41299,Mohammad Zahid,Pakistan,11
43650,Mohammad Yousuf,Pakistan,288
41297,Mohammad Wasim,Pakistan,25
227771,Mohammad Talha,Pakistan,3
41324,Mohammad Sami,Pakistan,87
41481,Mohammad Salman,Pakistan,7
323389,Mohammad Rizwan,Pakistan,28
41294,Mohammad Nazir,Pakistan,4
348148,Mohammad Nawaz,Pakistan,14
41452,Mohammad Khalil,Pakistan,3
429981,Mohammad Irfan,Pakistan,60
41285,Mohammad Hussain,Pakistan,14
41434,Mohammad Hafeez,Pakistan,208
41411,Mohammad Asif,Pakistan,38
290948,Mohammad Amir,Pakistan,50
41282,Mohammad Akram,Pakistan,23
389666,Mohammad Abbas,Pakistan,1
41378,Misbah-ul-Haq,Pakistan,162
54994,Meher Minwalla,Pakistan,11
362115,Masooma Junaid,Pakistan,10
41275,Masood Iqbal,Pakistan,1
55024,Maryam Butt,Pakistan,12
361850,Marina Iqbal,Pakistan,36
361830,Mariam Hasan,Pakistan,3
55055,Mariam Butt,Pakistan,5
55103,Mariam Anwar,Pakistan,7
55105,Mariam Agha,Pakistan,3
41272,Maqsood Rana,Pakistan,1
41262,Manzoor Elahi,Pakistan,54
41264,Manzoor Akhtar,Pakistan,7
41261,Mansoor Rana,Pakistan,2
41963,Mansoor Amjad,Pakistan,1
41263,Mansoor Akhtar,Pakistan,41
54992,Maliha Hussain,Pakistan,8
41919,Majid Khan,Pakistan,23
41259,Mahmood Hamid,Pakistan,1
761027,Maham Tariq,Pakistan,8
41246,Liaqat Ali,Pakistan,3
333355,Nida Dar,Pakistan,68
54999,Nazli Istiaq,Pakistan,1
54998,Nazia Sadiq,Pakistan,9
54997,Nazia Nazir,Pakistan,30
42066,Naved Latif,Pakistan,11
42062,Naved Anjum,Pakistan,13
42272,Naved-ul-Hasan,Pakistan,74
42059,Naumanullah,Pakistan,1
1125059,Natalia Pervaiz,Pakistan,3
42321,Nasir Jamshed,Pakistan,48
42057,Nasim-ul-Ghani,Pakistan,1
941803,Nashra Sandhu,Pakistan,24
42055,Naseer Malik,Pakistan,3
54996,Najmunnissa Ismail,Pakistan,2
42160,Najaf Shah,Pakistan,1
272324,Nain Abidi,Pakistan,87
361838,Naila Nazir,Pakistan,3
361854,Nahida Khan,Pakistan,51
42051,Naeem Ashraf,Pakistan,2
42071,Naeem Ahmed,Pakistan,1
42047,Nadeem Khan,Pakistan,2
42044,Nadeem Ghauri,Pakistan,6
42323,Pervez Mir,Pakistan,3
276711,Sumaiya Siddiqi,Pakistan,19
55011,Sultana Yousaf,Pakistan,3
361840,Sukhan Faiz,Pakistan,2
43265,Sohail Tanvir,Pakistan,62
317252,Sohail Khan,Pakistan,13
42664,Sohail Fazal,Pakistan,2
43266,Sohaib Maqsood,Pakistan,26
42661,Sikander Bakht,Pakistan,27
500733,Sidra Nawaz,Pakistan,35
362356,Sidra Ameen,Pakistan,28
477555,Shumaila Qureshi,Pakistan,3
220666,Shumaila Mushtaq,Pakistan,3
42658,Shoaib Mohammad,Pakistan,63
42657,Shoaib Malik,Pakistan,280
42655,Shoaib Akhtar,Pakistan,163
55010,Shazia Hassan,Pakistan,4
55009,Sharmeen Khan,Pakistan,26
227762,Sharjeel Khan,Pakistan,25
233901,Shan Masood,Pakistan,1
42652,Shakeel Khan,Pakistan,1
42648,Shakeel Ahmed,Pakistan,2
55017,Shaiza Khan,Pakistan,40
370846,Shahzaib Hasan,Pakistan,3
55005,Shahnaz Sohail,Pakistan,3
42647,Shahid Saeed,Pakistan,10
42646,Shahid Nazir,Pakistan,17
42644,Shahid Mahboob,Pakistan,10
42641,Shahid Anwar,Pakistan,1
42362,Qasim Umar,Pakistan,31
220670,Qanita Jalil,Pakistan,66
42639,Shahid Afridi,Pakistan,398
1072470,Shaheen Afridi,Pakistan,10
42636,Shafiq Ahmed,Pakistan,3
922943,Shadab Khan,Pakistan,34
42634,Shadab Kabir,Pakistan,3
42632,Shabbir Ahmed,Pakistan,32
55102,Shabana Latif,Pakistan,4
55004,Shabana Kausar,Pakistan,3
42630,Sarfraz Nawaz,Pakistan,45
227760,Sarfaraz Ahmed,Pakistan,101
42628,Saqlain Mushtaq,Pakistan,169
361841,Sania Khan,Pakistan,17
220668,Sana Mir,Pakistan,115
220394,Sana Javed,Pakistan,20
547079,Sami Aslam,Pakistan,4
43235,Samiullah Khan,Pakistan,2
42683,Salman Butt,Pakistan,78
42626,Saleem Yousuf,Pakistan,86
448243,Rumman Raees,Pakistan,9
55000,Ruksana Khan,Pakistan,5
42624,Saleem Pervez,Pakistan,1
42623,Saleem Malik,Pakistan,283
42879,Saleem Jaffar,Pakistan,39
42620,Saleem Elahi,Pakistan,48
42430,Rizwan Ahmed,Pakistan,1
42616,Saleem Altaf,Pakistan,6
55003,Sajjida Shah,Pakistan,60
42612,Sajjad Akbar,Pakistan,2
343548,Raza Hasan,Pakistan,1
42610,Sajid Ali,Pakistan,13
42423,Rashid Latif,Pakistan,166
42421,Rashid Khan,Pakistan,29
42420,Ramiz Raja,Pakistan,198
42607,Saeed Azad,Pakistan,4
42605,Saeed Anwar,Pakistan,247
42699,Saeed Ajmal,Pakistan,113
323244,Rahat Ali,Pakistan,14
42601,Sadiq Mohammad,Pakistan,19
317157,Sadia Yousuf,Pakistan,59
55001,Sadia Butt,Pakistan,24
361982,Rabiya Shah,Pakistan,25
55007,Rabia Khan,Pakistan,13
55025,Sabeen Rezvi,Pakistan,6
220673,Sabahat Rasheed,Pakistan,13
317248,Saad Nasim,Pakistan,3
42599,Saadat Ali,Pakistan,8
43277,Tauseef Ahmed,Pakistan,70
43363,Taufeeq Umar,Pakistan,22
220656,Tasqeen Qadeer,Pakistan,19
43275,Taslim Arif,Pakistan,2
43307,Tanvir Ahmed,Pakistan,2
43271,Tahir Naqqash,Pakistan,40
55013,Uzma Gondal,Pakistan,17
697279,Usman Shinwari,Pakistan,12
260519,Usman Salahuddin,Pakistan,2
55104,Urooj Mumtaz,Pakistan,38
43524,Umar Gul,Pakistan,130
288211,Umar Amin,Pakistan,16
317273,Umar Akmal,Pakistan,117
941777,Umaima Sohail,Pakistan,2
43553,Wasim Raja,Pakistan,54
43550,Wasim Haider,Pakistan,3
43549,Wasim Bari,Pakistan,51
43547,Wasim Akram,Pakistan,356
43543,Waqar Younis,Pakistan,262
43539,Wajahatullah Wasti,Pakistan,15
43590,Wahab Riaz,Pakistan,79
48124,Marvan Atapattu,Sri Lanka,268
48122,Russel Arnold,Sri Lanka,180
429748,Amila Aponso,Sri Lanka,9
48120,Don Anurasiri,Sri Lanka,45
48139,Ishara Amerasinghe,Sri Lanka,8
43652,Younis Khan,Pakistan,265
43648,Younis Ahmed,Pakistan,2
43685,Yasir Shah,Pakistan,20
43656,Yasir Hameed,Pakistan,56
43654,Yasir Arafat,Pakistan,11
48117,Kaushik Amalean,Sri Lanka,8
48116,Saliya Ahangama,Sri Lanka,1
54742,Hiroshi Abeysinghe,Sri Lanka,31
48473,Chamara Dunusinghe,Sri Lanka,1
54840,Sandamali Dolawatte,Sri Lanka,53
54768,Vanessa Bowen,Sri Lanka,13
48290,Hemantha Boteju,Sri Lanka,2
48472,Tillakaratne Dilshan,Sri Lanka,330
48298,Niroshan Bandaratilleke,Sri Lanka,3
923703,Kavisha Dilhari,Sri Lanka,4
48487,Dilhara Lokuhettige,Sri Lanka,9
362079,Chaminda Bandara,Sri Lanka,1
429754,Niroshan Dickwella,Sri Lanka,52
318611,Chamika Bandara,Sri Lanka,1
48284,Malinga Bandara,Sri Lanka,31
48470,Roy Dias,Sri Lanka,58
371451,Dharshani Dharmasiri,Sri Lanka,3
48469,Kumar Dharmasena,Sri Lanka,141
48465,Lanka de Silva,Sri Lanka,11
784379,Wanindu Hasaranga,Sri Lanka,9
54773,Ganga De Silva,Sri Lanka,2
345825,Chaturanga de Silva,Sri Lanka,7
48462,Aravinda de Silva,Sri Lanka,308
557764,Nilakshi de Silva,Sri Lanka,16
48460,Sajeewa de Silva,Sri Lanka,38
225579,WA Chandrawathi,Sri Lanka,5
48458,Ajit de Silva,Sri Lanka,6
48457,Granville De Silva,Sri Lanka,4
48456,Asoka de Silva,Sri Lanka,28
48454,Somachandra De Silva,Sri Lanka,41
48453,Stanley De Silva,Sri Lanka,2
300628,Dinesh Chandimal,Sri Lanka,146
48369,Upul Chandana,Sri Lanka,147
48450,Ashley de Silva,Sri Lanka,4
465793,Dhananjaya de Silva,Sri Lanka,32
552152,Dushmantha Chameera,Sri Lanka,23
48449,Indika de Saram,Sri Lanka,15
48447,Ashantha de Mel,Sri Lanka,57
225585,Dumila Dedunu,Sri Lanka,4
54778,Suwini de Alwis,Sri Lanka,49
48446,Guy de Alwis,Sri Lanka,31
48445,Pubudu Dassanayake,Sri Lanka,16
574178,Akila Dananjaya,Sri Lanka,34
267414,Shaminda Eranga,Sri Lanka,19
54831,Thanuga Ekanayake,Sri Lanka,43
54765,Rose Fernando,Sri Lanka,37
224800,Sumudu Fernando,Sri Lanka,3
784369,Avishka Fernando,Sri Lanka,5
54748,Hiruka Fernando,Sri Lanka,60
48809,Nisal Fernando,Sri Lanka,2
48808,Lalithamana Fernando,Sri Lanka,1
48844,Charitha Buddhika,Sri Lanka,17
371194,Inoshi Priyadharshani,Sri Lanka,11
465783,Vishwa Fernando,Sri Lanka,8
48967,Hasantha Fernando,Sri Lanka,7
48821,Dinusha Fernando,Sri Lanka,1
48804,Ranjit Fernando,Sri Lanka,3
48803,Susil Fernando,Sri Lanka,7
48835,Dilhara Fernando,Sri Lanka,147
366725,Oshada Fernando,Sri Lanka,5
324358,Nuwan Pradeep,Sri Lanka,34
786925,Asitha Fernando,Sri Lanka,1
434724,Chathurani Gunawardene,Sri Lanka,2
49010,Avishka Gunawardene,Sri Lanka,61
49002,Aruna Gunawardena,Sri Lanka,1
49081,Ranjan Gunatilleke,Sri Lanka,1
345821,Danushka Gunathilaka,Sri Lanka,36
54783,Thalika Gunaratne,Sri Lanka,13
49043,Pulasthi Gunaratne,Sri Lanka,23
335241,Chandima Gunaratne,Sri Lanka,15
360456,Asela Gunaratne,Sri Lanka,31
54774,Dedunu Gunaratne,Sri Lanka,2
49097,Mahes Goonatilleke,Sri Lanka,6
48996,Yohan Goonasekera,Sri Lanka,3
49008,Akalanka Ganegama,Sri Lanka,4
268845,Lahiru Gamage,Sri Lanka,9
48995,Janak Gamage,Sri Lanka,4
49121,Dharshana Gamage,Sri Lanka,3
48993,Indika Gallage,Sri Lanka,3
54817,Inoka Galagedara,Sri Lanka,40
49131,David Heyn,Sri Lanka,2
49178,Rangana Herath,Sri Lanka,71
49125,Chandika Hathurusingha,Sri Lanka,35
342862,Nipuni Hansika,Sri Lanka,34
54806,Kodupulle Indrani,Sri Lanka,1
54754,Dona Indralatha,Sri Lanka,23
54759,Indika Kankanange,Sri Lanka,17
493713,Nobet Ida,Sri Lanka,1
49213,Vinothen John,Sri Lanka,45
49212,Sridharan Jeganathan,Sri Lanka,5
49236,Prasanna Jayawardene,Sri Lanka,6
49289,Mahela Jayawardene,Sri Lanka,448
49209,Sanath Jayasuriya,Sri Lanka,445
422871,Prabath Jayasuriya,Sri Lanka,2
422965,Shehan Jayasuriya,Sri Lanka,9
49368,Brendon Kuruppu,Sri Lanka,54
54854,Chamari Polgampola,Sri Lanka,75
49207,Sunil Jayasinghe,Sri Lanka,2
273301,Nirosha Kumari,Sri Lanka,2
631609,Sugandika Kumari,Sri Lanka,22
49206,Rohan Jayasekera,Sri Lanka,2
49344,Pradeep Jeyapragash,Sri Lanka,1
49347,Saman Jayantha,Sri Lanka,17
784375,Lahiru Kumara,Sri Lanka,8
318853,Chamari Atapattu,Sri Lanka,81
557731,Achini Kulasuriya,Sri Lanka,8
49535,Nuwan Kulasekara,Sri Lanka,184
49477,Kosala Kulasekara,Sri Lanka,4
54770,Janakanthy Mala,Sri Lanka,27
54750,Eshani Lokusuriyage,Sri Lanka,89
465797,Tharindu Kaushal,Sri Lanka,1
557842,Niluka Karunaratne,Sri Lanka,2
631722,Hansima Karunaratne,Sri Lanka,7
227772,Dimuth Karunaratne,Sri Lanka,17
49364,Uvais Karnain,Sri Lanka,19
54785,Gayathri Kariyawasam,Sri Lanka,17
209457,Chamara Kapugedera,Sri Lanka,102
49363,Thilina Kandamby,Sri Lanka,39
340004,Ama Kanchana,Sri Lanka,28
49361,Romesh Kaluwitharana,Sri Lanka,189
49359,Sanath Kaluperuma,Sri Lanka,2
49487,Lalith Kaluperuma,Sri Lanka,4
50438,Suraj Randiv,Sri Lanka,31
49356,Ruwan Kalpage,Sri Lanka,86
49557,Kaushal Lokuarachchi,Sri Lanka,21
54744,Kalpana Harshani Liyanarachchi,Sri Lanka,16
49554,Dulip Liyanage,Sri Lanka,16
49598,Chamila Gamage,Sri Lanka,7
272814,Sanduni Abeywickrema,Sri Lanka,10
54761,Chandrika Lakmalee,Sri Lanka,10
49619,Suranga Lakmal,Sri Lanka,81
49552,Graeme Labrooy,Sri Lanka,44
49636,Muttiah Muralitharan,Sri Lanka,350
304735,Dilshan Munaweera,Sri Lanka,2
49634,Manjula Munasinghe,Sri Lanka,5
49633,Jehan Mubarak,Sri Lanka,40
784373,Kamindu Mendis,Sri Lanka,2
49631,Chaminda Mendis,Sri Lanka,1
49629,Duleep Mendis,Sri Lanka,79
763099,Imalka Mendis,Sri Lanka,3
49700,Jeevan Mendis,Sri Lanka,54
629074,Kusal Mendis,Sri Lanka,62
268739,Ajantha Mendis,Sri Lanka,87
493715,Yasoda Mendis,Sri Lanka,32
49764,Angelo Mathews,Sri Lanka,203
49758,Lasith Malinga,Sri Lanka,218
49638,Farveez Maharoof,Sri Lanka,109
49626,Roshan Mahanama,Sri Lanka,213
1043681,Shehan Madushanka,Sri Lanka,1
318759,Lasanthi Madushani,Sri Lanka,13
49624,Ranjith Madurasinghe,Sri Lanka,12
49623,Ranjan Madugalle,Sri Lanka,63
557839,Harshitha Madavi,Sri Lanka,10
49769,Prabath Nissanka,Sri Lanka,23
49767,Naveed Nawaz,Sri Lanka,3
50205,Malinda Pushpakumara,Sri Lanka,2
49868,Muthumudalige Pushpakumara,Sri Lanka,3
49863,Ravindra Pushpakumara,Sri Lanka,31
233802,Ashan Priyanjan,Sri Lanka,23
54740,Lalana Priyadarshani,Sri Lanka,1
268740,Seekkuge Prasanna,Sri Lanka,40
50163,Dhammika Prasad,Sri Lanka,24
335236,Udeshika Prabodhani,Sri Lanka,53
49861,Mevan Pieris,Sri Lanka,3
49870,Ruchira Perera,Sri Lanka,19
653033,Priyamal Perera,Sri Lanka,2
233514,Thisara Perera,Sri Lanka,153
300631,Kusal Perera,Sri Lanka,88
49920,Dilruwan Perera,Sri Lanka,13
54767,Ramani Perera,Sri Lanka,19
49857,Gamini Perera,Sri Lanka,1
371185,Hasini Perera,Sri Lanka,32
49854,Suresh Perera,Sri Lanka,20
300629,Angelo Perera,Sri Lanka,5
212756,Sachith Pathirana,Sri Lanka,18
49852,Sudath Pasqual,Sri Lanka,2
49849,Tony Opatha,Sri Lanka,5
430391,Sharina Ravikumar,Sri Lanka,11
50250,Ravi Ratnayeke,Sri Lanka,78
50249,Rumesh Ratnayake,Sri Lanka,70
272623,Dilani Manodara,Sri Lanka,95
50248,Nilantha Ratnayake,Sri Lanka,2
54780,Vasanthi Ratnayake,Sri Lanka,22
54763,Champa Priyangika Sugathadasa,Sri Lanka,8
54842,Deepika Rasangika,Sri Lanka,31
434844,Inoka Ranaweera,Sri Lanka,57
50247,Sanjeeva Ranatunga,Sri Lanka,13
50246,Nishantha Ranatunga,Sri Lanka,2
50245,Dammika Ranatunga,Sri Lanka,4
50244,Arjuna Ranatunga,Sri Lanka,269
54850,Shashikala Siriwardene,Sri Lanka,115
222354,Milinda Siriwardana,Sri Lanka,26
50242,Keerthi Ranasinghe,Sri Lanka,4
429180,Oshadi Ranasinghe,Sri Lanka,21
50241,Anura Ranasinghe,Sri Lanka,9
54738,Rasanjali Chandima Silva,Sri Lanka,22
50432,Amal Silva,Sri Lanka,20
50240,Champaka Ramanayake,Sri Lanka,62
50431,Chamara Silva,Sri Lanka,75
54746,Dedunu Silva,Sri Lanka,42
499594,Kasun Rajitha,Sri Lanka,6
50429,Jayantha Silva,Sri Lanka,1
683433,Malsha Shehani,Sri Lanka,1
437316,Dasun Shanaka,Sri Lanka,19
684561,Tharika Sewwandi,Sri Lanka,1
273439,Sachithra Senanayake,Sri Lanka,49
50426,Charith Senanayake,Sri Lanka,7
493860,Anushka Sanjeewani,Sri Lanka,15
50710,Kumar Sangakkara,Sri Lanka,404
429738,Lakshan Sandakan,Sri Lanka,20
332543,Maduri Samuddika,Sri Lanka,23
629076,Sadeera Samarawickrama,Sri Lanka,6
50424,Thilan Samaraweera,Sri Lanka,53
50422,Dulip Samaraweera,Sri Lanka,5
50421,Athula Samarasekera,Sri Lanka,39
54821,Randika Galhenage,Sri Lanka,15
50745,Michael Tissera,Sri Lanka,3
50744,Hashan Tillakaratne,Sri Lanka,200
49677,Thilan Thushara,Sri Lanka,38
301236,Lahiru Thirimanne,Sri Lanka,117
50747,Upul Tharanga,Sri Lanka,235
54781,Chaturi Thalagalage,Sri Lanka,6
50742,Anura Tennekoon,Sri Lanka,4
50791,Eric Upashantha,Sri Lanka,12
54752,Praba Udawatte,Sri Lanka,13
50802,Mahela Udawatte,Sri Lanka,9
328026,Isuru Udana,Sri Lanka,5
50855,Roger Wijesuriya,Sri Lanka,8
50852,Kapila Wijegunawardene,Sri Lanka,26
50851,Gamini Wickremasinghe,Sri Lanka,4
335242,Chandi Wickramasinghe,Sri Lanka,8
50848,Pramodya Wickramasinghe,Sri Lanka,134
50807,Marlon Vonhagt,Sri Lanka,1
50846,Hemantha Wickramaratne,Sri Lanka,3
342616,Kithuruwan Vithanage,Sri Lanka,6
50840,Sunil Wettimuny,Sri Lanka,3
50844,Sidath Wettimuny,Sri Lanka,35
50879,Mithra Wettimuny,Sri Lanka,1
51019,Chanaka Welegedara,Sri Lanka,10
631721,Rebeca Vandort,Sri Lanka,7
50809,Michael Vandort,Sri Lanka,1
370040,Jeffrey Vandersay,Sri Lanka,11
50804,Chaminda Vaas,Sri Lanka,322
50860,Kaushalya Weeraratne,Sri Lanka,15
50914,Sajeewa Weerakoon,Sri Lanka,2
54836,Sripali Weerakkody,Sri Lanka,89
442310,Prasadani Weerakkody,Sri Lanka,53
499592,Sandun Weerakkody,Sri Lanka,3
50837,Ajith Weerakkody,Sri Lanka,1
50836,Jayananda Warnaweera,Sri Lanka,6
50874,Malinda Warnapura,Sri Lanka,3
50835,Bandula Warnapura,Sri Lanka,12
55150,Jasmine Sammy,West Indies,5
53115,Darren Sammy,West Indies,126
307942,Amanda Samaroo,West Indies,3
527656,Shaquana Quintyne,West Indies,40
8119,Adam Voges,Australia,31
379504,Adam Zampa,Australia,40
215501,Holly Colvin,England,72
308967,Jos Buttler,England,127
9329,Roland Butcher,England,3
9323,Alan Butcher,England,1
53742,Linda Burnley,England,1
53906,Katherine Brunt,England,116
53740,Katherine Brown,England,5
9246,Ali Brown,England,16
10617,Stuart Broad,England,121
9230,Chris Broad,England,34
53891,Janette Brittin,England,63
53820,Arran Brindle,England,88
310107,Danny Briggs,England,1
9310,Tim Bresnan,England,85
9208,Mike Brearley,England,25
9187,Geoff Boycott,England,36
9163,Sir Ian Botham,England,116
310519,Scott Borthwick,England,2
10582,Ravi Bopara,England,120
9121,Richard Blakey,England,3
9117,Ian Blackwell,England,34
53895,Rosalie Birch,England,37
297628,Sam Billings,England,15
9089,Martin Bicknell,England,7
9074,Mark Benson,England,1
9069,Joey Benjamin,England,2
9062,Ian Bell,England,161
297074,Tammy Beaumont,England,62
9042,Gareth Batty,England,10
53727,Caroline Barrs,England,10
9002,Kim Barnett,England,1
550235,Tom Curran,England,13
662973,Sam Curran,England,2
8990,Graham Barlow,England,6
53754,Jill Cruwys,England,7
297085,Kate Cross,England,18
10881,Robert Croft,England,50
232438,Gary Ballance,England,16
414990,Jake Ball,England,18
53731,Enid Bakewell,England,23
10870,John Crawley,England,13
297433,Jonny Bairstow,England,59
8954,David Bairstow,England,21
53718,Pamela Crain,England,4
8942,Rob Bailey,England,4
10846,Colin Cowdrey,England,1
10843,Chris Cowdrey,England,3
10839,Norman Cowans,England,23
53752,Jacqueline Court,England,27
10816,Dominic Cork,England,32
10809,Geoff Cope,England,2
53751,Lesley Cooke,England,3
53750,Cathy Cooke,England,6
53749,Sarah-Jane Cook,England,4
10797,Nick Cook,England,3
10793,Geoff Cook,England,6
11728,Sir Alastair Cook,England,92
53693,Clare Connor,England,93
53691,Sarah Collyer,England,25
10772,Paul Collingwood,England,197
10754,Brian Close,England,3
53747,Lesley Clifford,England,5
53883,Sarah Clarke,England,6
11724,Rikki Clarke,England,20
10712,Glen Chapple,England,1
53744,Jo Chamberlain,England,39
10656,Michael Carberry,England,6
10653,David Capel,England,23
10633,Andy Caddick,England,54
521637,Ben Duckett,England,3
11931,Paul Downton,England,28
53759,Ella Donnison,England,3
11914,Basil D'Oliveira,England,4
53758,Audrey Disbury,England,6
11893,Graham Dilley,England,36
53757,Heather Dewdney,England,6
12461,Jade Dernbach,England,24
11870,Mike Denness,England,12
12454,Joe Denly,England,9
14325,Nasser Hussain,England,88
11865,Phil DeFreitas,England,103
211855,Liam Dawson,England,3
14302,Geoff Humpage,England,3
53788,Glynis Hullah,England,20
53880,Leanne Davis,England,2
12450,Steven Davies,England,8
297086,Steph Davies,England,4
53908,Geraldine Davies,England,5
515876,Alice Davidson-Richards,England,1
53687,Barbara Daniels,England,55
11974,Jamie Dalrymple,England,27
53787,Nicola Holt,England,2
14246,Ben Hollioake,England,20
14244,Adam Hollioake,England,35
53717,Dawn Holden,England,32
14236,Matthew Hoggard,England,26
53786,Shirley Hodges,England,26
53785,Carole Hodges,England,47
53784,Sue Hilliam,England,4
14187,Graeme Hick,England,120
53887,Rachael Heyhoe-Flint,England,23
244639,Harry Gurney,England,10
14159,Mike Hendrick,England,22
53800,Jenny Gunn,England,143
53726,Isa Guha,England,83
646211,Rebecca Grundy,England,7
14152,Eddie Hemmings,England,33
53783,Rosalind Heggs,England,9
300028,Lauren Griffiths,England,5
14127,Dean Headley,England,13
297079,Danielle Hazell,England,53
13463,Tony Greig,England,22
12514,John Emburey,England,61
297036,Georgia Elwiss,England,36
53776,Julia Greenwood,England,8
53709,Lydia Greenway,England,126
12507,Richard Ellison,England,14
14106,Frank Hayes,England,6
12923,Bruce French,England,13
53766,Shirley Ellis,England,5
53781,Jackie Hawker,England,7
53775,Lynne Green,England,5
53774,Kay Green,England,2
53764,Alison Elder,England,4
12909,Angus Fraser,England,42
12906,Paul Franks,England,1
13437,Paul Grayson,England,2
53696,Charlotte Edwards,England,191
12490,John Edrich,England,7
53763,June Edney,England,6
12486,Phil Edmonds,England,29
12884,Graeme Fowler,England,26
469886,Alex Hartley,England,28
12879,Neil Foster,England,48
12877,James Foster,England,11
878039,Sophie Ecclestone,England,15
13418,David Gower,England,114
13414,Ian Gould,England,18
53773,Jane Gough,England,1
13411,Darren Gough,England,159
53694,Clare Gough,England,3
12466,Mark Ealham,England,64
53753,Julie Harris,England,2
53707,Laura Harper,England,25
12856,Andrew Flintoff,England,141
13399,Graham Gooch,England,125
53771,Yvonne Golland,England,3
14054,Steve Harmison,England,58
12854,Keith Fletcher,England,24
12850,Matthew Fleming,England,11
53770,Janet Godman,England,7
53892,Mandie Godliman,England,11
53769,Susan Goatman,England,21
210283,Steven Finn,England,69
13368,Ashley Giles,England,62
14024,John Hampshire,England,3
13365,Norman Gifford,England,2
879369,Katie George,England,2
580663,Tash Farrant,England,1
13340,Mike Gatting,England,92
249866,Alex Hales,England,70
12803,Neil Fairbrother,England,75
18675,Matt Prior,England,68
18627,Derek Pringle,England,44
53835,Jill Powell,England,1
53834,Jane Powell,England,24
53833,Sarah Potter,England,8
53882,Laura Joyce,England,3
288992,Chris Jordan,England,31
15555,Simon Jones,England,8
15403,Ronnie Irani,England,31
18557,Pat Pocock,England,1
19264,Liam Plunkett,England,78
53831,Helen Plimmer,England,37
15383,Richard Illingworth,England,25
15385,Ray Illingworth,England,3
15380,Alan Igglesden,England,4
515874,Amy Jones,England,35
53829,Mary Pilling,England,9
15522,Richard Johnson,England,10
19296,Kevin Pietersen,England,136
53792,Karen Jobling,England,10
15511,Trevor Jesty,England,10
15485,Paul Jarvis,England,16
15468,John Jameson,England,3
53828,Margaret Peear,England,1
53704,Lucy Pearson,England,62
15461,Robin Jackman,England,15
18632,Samit Patel,England,36
215058,Stephen Parry,England,2
20431,Graeme Swann,England,79
18655,Monty Panesar,England,26
20387,Andrew Strauss,England,127
53859,Helen Stother,England,12
457279,Olly Stone,England,4
311158,Ben Stokes,England,79
53858,Jill Stockdale,England,2
53857,Debra Stock,England,15
53856,Amanda Stinson,England,5
20372,Alec Stewart,England,170
20363,Graham Stevenson,England,4
53855,June Stephenson,England,9
20345,David Steele,England,1
53854,Avril Starling,England,20
53852,Laura Spragg,England,13
53849,Jan Allen,England,17
20286,Vikram Solanki,England,51
20282,John Snow,England,9
20278,Jeremy Snape,England,10
53721,Karen Smithies,England,69
20263,Robin Smith,England,71
20259,Neil Smith,England,7
20257,Mike Smith,England,5
19500,Jack Russell,England,40
297075,Charlie Russell,England,2
53847,Gill Smith,England,31
298438,Jason Roy,England,73
20235,David Smith,England,2
254239,Susie Rowe,England,1
20233,Chris Smith,England,4
53689,Jane Smit,England,109
19478,Brian Rose,England,2
20217,Gladstone Small,England,53
303669,Joe Root,England,126
19469,Graham Roope,England,8
370535,Toby Roland-Jones,England,1
20206,Wilf Slack,England,2
19445,Tim Robinson,England,26
20193,Chris Silverwood,England,7
20187,Ryan Sidebottom,England,25
20182,Ken Shuttleworth,England,1
254238,Anya Shrubsole,England,61
53733,Nicky Shaw,England,70
21431,Ajmal Shahzad,England,11
20123,Owais Shah,England,71
19394,Jack Richards,England,22
19374,Steve Rhodes,England,9
53901,Melissa Reynard,England,54
19364,Dermot Reeve,England,29
53705,Sue Redfern,England,15
53837,Lynne Read,England,7
515905,Natalie Sciver,England,59
19346,Chris Read,England,36
244497,Adil Rashid,England,83
19327,Derek Randall,England,49
19323,Mark Ramprakash,England,18
53893,Ebony-Jewel Rainford-Brent,England,22
19316,Clive Radley,England,4
19314,Neal Radford,England,6
20051,Ian Salisbury,England,4
21611,Phil Tufnell,England,20
21607,Alex Tudor,England,3
21598,Jim Troughton,England,6
47623,Jonathan Trott,England,68
21585,Marcus Trescothick,England,123
21650,Chris Tremlett,England,15
21646,James Tredwell,England,45
461632,Reece Topley,England,10
21550,Roger Tolchard,England,1
21548,Fred Titmus,England,2
21537,Graham Thorpe,England,82
21512,Greg Thomas,England,3
53862,Lynne Thomas,England,24
467420,Sean Terry,England,5
53861,Janet Tedstone,England,38
297635,James Taylor,England,27
249935,Sarah Taylor,England,121
53715,Claire Taylor,England,126
21494,Bob Taylor,England,27
21486,Les Taylor,England,2
21484,Paul Taylor,England,1
53713,Clare Taylor,England,105
21466,Chris Tavar,England,29
254168,Danielle Wyatt,England,66
53878,Elaine Wulcko,England,1
23460,Luke Wright,England,50
22520,Bob Woolmer,England,6
351588,Mark Wood,England,40
22498,Barry Wood,England,13
247235,Chris Woakes,England,84
53881,Katharine Winks,England,7
517572,Lauren Winfield,England,42
466619,Fran Wilson,England,23
22462,Bob Willis,England,64
53808,Wendy Williams,England,6
22442,Peter Willey,England,26
308251,David Willey,England,42
53875,Margaret Wilks,England,9
53872,Kath Wilkins,England,3
22403,Craig White,England,51
22392,James Whitaker,England,2
53756,Claire Whichcord,England,1
22380,Alex Wharf,England,13
22365,Vince Wells,England,9
22363,Colin Wells,England,2
22361,Alan Wells,England,1
212709,Jo Watts,England,7
53868,Wendy Watson,England,23
53867,Chris Watmough,England,28
22328,Mike Watkinson,England,1
22333,Steve Watkin,England,4
509107,Iain Wardlaw,England,22
53890,Helen Wardlaw,England,7
53888,Alexia Walker,England,3
22149,Derek Underwood,England,26
53866,Jacqueline Wainwright,England,2
22144,Shaun Udal,England,11
296597,James Vince,England,6
22182,Michael Vaughan,England,86
23523,Michael Yardy,England,28
4613,Alan Connolly,Australia,1
5732,Alan Hurst,Australia,8
7944,Alan Thomson,Australia,1
7989,Alan Turner,Australia,6
53677,Alex Blackwell,Australia,144
326434,Alex Carey,Australia,15
4174,Allan Border,Australia,273
275486,Alyssa Healy,Australia,64
381305,Amanda-Jade Wellington,Australia,12
53539,Andrea McCauley,Australia,1
5656,Andrew Hilditch,Australia,8
7702,Andrew Symonds,Australia,198
459508,Andrew Tye,Australia,7
8466,Andrew Zesers,Australia,2
4146,Andy Bichel,Australia,67
53513,Anne Gordon,Australia,8
53500,Annette Fellows,Australia,3
275436,Annie Maloney,Australia,1
7691,Anthony Stuart,Australia,3
858809,Ashleigh Gardner,Australia,21
6472,Ashley Mallett,Australia,9
6938,Ashley Noffke,Australia,1
8244,Ashley Woodcock,Australia,1
505120,Ashton Agar,Australia,9
500268,Ashton Turner,Australia,3
53420,Avril Fahey,Australia,40
53413,Belinda Clark,Australia,118
53505,Belinda Haggett,Australia,37
944417,Belinda Vakarewa,Australia,1
230371,Ben Cutting,Australia,4
5941,Ben Hilfenhaus,Australia,25
315623,Ben Laughlin,Australia,5
381258,Beth Mooney,Australia,26
53541,Betty McDonald,Australia,6
53586,Bev Wilson,Australia,6
6270,Bill Lawry,Australia,1
533042,Billy Stanlake,Australia,7
5692,Bob Holland,Australia,2
6518,Bob Massie,Australia,3
7619,Bob Simpson,Australia,2
5560,Brad Haddin,Australia,126
5674,Brad Hodge,Australia,25
5681,Brad Hogg,Australia,123
8231,Brad Williams,Australia,25
8453,Brad Young,Australia,6
6056,Brendon Julian,Australia,25
5112,Brett Dorey,Australia,4
5472,Brett Geeves,Australia,2
6278,Brett Lee,Australia,221
53410,Bronwyn Calver,Australia,34
6250,Bruce Laird,Australia,23
7319,Bruce Reid,Australia,61
8449,Bruce Yardley,Australia,7
5236,Callum Ferguson,Australia,30
8291,Cameron White,Australia,91
7302,Carl Rackemann,Australia,52
53581,Caroline Ward,Australia,1
53422,Cathryn Fitzpatrick,Australia,109
53415,Cathy Garlick,Australia,2
53606,Cathy Smith,Australia,5
53446,Charmaine Mason,Australia,46
53402,Cherie Bambury,Australia,15
326637,Chris Lynn,Australia,4
53472,Chris Matthews,Australia,47
553800,Chris Tremain,Australia,4
53584,Christine White,Australia,6
53679,Clea Smith,Australia,48
6903,Clint McKay,Australia,59
6551,Craig McDermott,Australia,138
7594,Craig Serjeant,Australia,3
5239,Damien Fleming,Australia,88
6513,Damien Martyn,Australia,208
4882,Dan Cullen,Australia,5
4864,Daniel Christian,Australia,19
557298,Daniel Worrall,Australia,3
308798,D'Arcy Short,Australia,4
6285,Darren Lehmann,Australia,117
8210,Dav Whatmore,Australia,1
5385,Dave Gilbert,Australia,14
4169,David Boon,Australia,181
4600,David Colley,Australia,1
5696,David Hookes,Australia,39
5766,David Hussey,Australia,69
219889,David Warner,Australia,106
53560,Dawn Rae,Australia,4
6044,Dean Jones,Australia,164
53587,Debbie Wilson,Australia,11
263473,Delissa Kimmince,Australia,12
53477,Denise Annetts,Australia,43
53498,Denise Emerson,Australia,21
53534,Denise Martin,Australia,17
6295,Dennis Lillee,Australia,63
6981,Dirk Nannes,Australia,1
8198,Dirk Wellham,Australia,17
4508,Doug Bollinger,Australia,39
8151,Doug Walters,Australia,28
53636,Elaine Bray,Australia,8
275487,Ellyse Perry,Australia,103
275442,Elyse Villani,Australia,34
53685,Emma Liddell,Australia,33
53609,Emma Sampson,Australia,30
275483,Erin Osborne,Australia,60
240609,Fawad Ahmed,Australia,3
53601,Frances Leonard,Australia,1
4629,Gary Cosier,Australia,9
5396,Gary Gilmour,Australia,5
7366,Gavin Robertson,Australia,13
4999,Geoff Dymock,Australia,15
6272,Geoff Lawson,Australia,79
6499,Geoff Marsh,Australia,117
4451,George Bailey,Australia,90
946057,Georgia Wareham,Australia,6
53506,Glenda Hall,Australia,2
4151,Glenn Bishop,Australia,2
325026,Glenn Maxwell,Australia,96
6565,Glenn McGrath,Australia,250
7970,Glenn Trimble,Australia,2
381268,Grace Harris,Australia,9
4112,Graeme Beard,Australia,2
7135,Graeme Porter,Australia,2
8176,Graeme Watson,Australia,2
8251,Graeme Wood,Australia,83
6480,Graham Manou,Australia,4
6576,Graham McKenzie,Australia,1
8448,Graham Yallop,Australia,30
4161,Greg Blewett,Australia,32
4523,Greg Campbell,Australia,12
4558,Greg Chappell,Australia,74
4996,Greg Dyer,Australia,23
6525,Greg Matthews,Australia,59
7358,Greg Ritchie,Australia,44
499660,Gurinder Sandhu,Australia,2
557295,Hilton Cartwright,Australia,2
381266,Holly Ferling,Australia,22
4517,Ian Callen,Australia,5
4560,Ian Chappell,Australia,16
4916,Ian Davis,Australia,3
5597,Ian Harvey,Australia,73
5628,Ian Healy,Australia,168
7314,Ian Redpath,Australia,5
53558,Jackie Potter,Australia,6
270484,James Faulkner,Australia,69
5702,James Hopes,Australia,84
272465,James Pattinson,Australia,15
7612,Jamie Siddons,Australia,1
53531,Jan Lumsden,Australia,5
53423,Jane Franklin,Australia,4
53575,Janette Tredrea,Australia,5
272477,Jason Behrendorff,Australia,4
5392,Jason Gillespie,Australia,97
6235,Jason Krejza,Australia,8
5569,Jeff Hammond,Australia,1
6654,Jeff Moss,Australia,1
7946,Jeff Thomson,Australia,50
53514,Jen Jacobs,Australia,13
53550,Jenny Owens,Australia,15
268887,Jess Cameron,Australia,50
374936,Jess Jonassen,Australia,59
774223,Jhye Richardson,Australia,11
53521,Jill Kennare,Australia,19
6462,Jimmy Maher,Australia,26
3975,Jo Angel,Australia,3
53424,Jo Garey,Australia,6
53404,Joanne Broadbent,Australia,60
53418,Jodi Dannatt,Australia,10
53596,Jodie Davis,Australia,1
53665,Jodie Fields,Australia,67
326632,Joe Burns,Australia,6
439288,Joe Mennie,Australia,2
501012,Joel Paris,Australia,2
5001,John Dyson,Australia,29
228622,John Hastings,Australia,29
6452,John Maclean,Australia,2
6460,John Maguire,Australia,23
288284,Josh Hazlewood,Australia,44
53597,Judy Esmond,Australia,3
53455,Julia Price,Australia,84
53594,Julie Calvert,Australia,6
53432,Julie Hayes,Australia,59
53674,Julie Hunter,Australia,24
53571,Julie Stockton,Australia,3
8224,Julien Wiener,Australia,7
6256,Justin Langer,Australia,8
272262,Kane Richardson,Australia,18
53485,Karen Brown,Australia,43
53559,Karen Price,Australia,16
53563,Karen Read,Australia,20
53458,Karen Rolton,Australia,141
53684,Kate Blackwell,Australia,41
53562,Katherine Raymont,Australia,1
7666,Keith Stackpole,Australia,6
6453,Ken MacLeay,Australia,16
53602,Kerry Mortimer,Australia,1
7002,Kerry O'Keeffe,Australia,2
53605,Kerry Saunders,Australia,13
8264,Kevin Wright,Australia,5
53592,Kim Bradley,Australia,2
53499,Kim Fazackerley,Australia,9
5724,Kim Hughes,Australia,97
53664,Kirsten Pike,Australia,26
53675,Kris Britt,Australia,17
275563,Kristen Beams,Australia,30
858811,Lauren Cheatle,Australia,4
53682,Lauren Ebsary,Australia,19
53633,Leah Poulton,Australia,48
53590,Lee Albon,Australia,4
53608,Lee-Anne Hunter,Australia,24
7083,Len Pascoe,Australia,29
53593,Leonie Callaghan,Australia,1
53441,Leonie Coleman,Australia,24
53564,Lindsay Reeler,Australia,23
53437,Lisa Keightley,Australia,82
53461,Lisa Sthalekar,Australia,125
53507,Lorraine Hill,Australia,8
53406,Louise Broadfoot,Australia,10
53502,Lyn Fullston,Australia,41
53527,Lyn Larsen,Australia,49
53595,Lynette Cook,Australia,2
53620,Lynley Hamilton,Australia,9
6943,Marcus North,Australia,2
325012,Marcus Stoinis,Australia,29
53516,Margaret Jennings,Australia,12
53643,Margaret Jude,Australia,5
53489,Marie Cornish,Australia,16
4818,Mark Cosgrove,Australia,3
7924,Mark Taylor,Australia,113
8189,Mark Waugh,Australia,244
53465,Martha Winch,Australia,7
6143,Martin Kent,Australia,5
5130,Matthew Elliott,Australia,1
5616,Matthew Hayden,Australia,161
230193,Matthew Wade,Australia,94
8137,Max Walker,Australia,17
329336,Meg Lanning,Australia,72
420314,Megan Schutt,Australia,51
53463,Megan White,Australia,1
53435,Mel Jones,Australia,61
53652,Melissa Bulow,Australia,19
53603,Melissa Papworth,Australia,3
5726,Merv Hughes,Australia,33
4144,Michael Bevan,Australia,232
4578,Michael Clarke,Australia,245
4951,Michael Di Venuto,Australia,9
5939,Michael Hussey,Australia,185
6126,Michael Kasprowicz,Australia,43
376169,Michael Neser,Australia,2
7629,Michael Slater,Australia,42
308794,Michael Swart,Australia,12
53428,Michelle Goszko,Australia,34
6291,Mick Lewis,Australia,7
6474,Mick Malone,Australia,10
8105,Mike Veletta,Australia,20
8220,Mike Whitney,Australia,38
53523,Miriam Knee,Australia,6
6033,Mitchell Johnson,Australia,153
272450,Mitchell Marsh,Australia,53
311592,Mitchell Starc,Australia,75
5961,Moises Henriques,Australia,11
4127,Murray Bennett,Australia,8
4185,Nathan Bracken,Australia,116
261354,Nathan Coulter-Nile,Australia,25
5593,Nathan Hauritz,Australia,58
272279,Nathan Lyon,Australia,21
381217,Nicola Carey,Australia,6
267611,Nicole Bolton,Australia,47
53444,Olivia Magno,Australia,44
489889,Pat Cummins,Australia,47
53538,Patsy May,Australia,9
7326,Paul Reiffel,Australia,92
7597,Paul Sheahan,Australia,3
8241,Paul Wilson,Australia,11
53578,Peta Verco,Australia,20
232285,Peter Forrest,Australia,15
334337,Peter Handscomb,Australia,17
7898,Peter Siddle,Australia,20
7926,Peter Taylor,Australia,83
7959,Peter Toohey,Australia,5
4534,Phil Carlson,Australia,4
5139,Phil Emery,Australia,1
6060,Phil Jaques,Australia,6
272364,Phillip Hughes,Australia,25
268889,Rachael Haynes,Australia,48
53573,Raelee Thompson,Australia,23
4208,Ray Bright,Australia,11
273004,Rene Farrell,Australia,44
53639,Renee Chappell,Australia,2
53600,Rhonda Kendall,Australia,15
7376,Richie Robinson,Australia,2
4900,Rick Darling,Australia,18
6547,Rick McCosker,Australia,14
7133,Ricky Ponting,Australia,375
6145,Robbie Kerr,Australia,4
6502,Rod Marsh,Australia,92
6549,Rod McCurdy,Australia,11
5685,Rodney Hogg,Australia,71
8256,Roger Woolley,Australia,4
5124,Ross Edwards,Australia,9
53487,Ruth Buckstein,Australia,16
5779,Ryan Harris,Australia,21
53635,Sally Cooper,Australia,7
53430,Sally Griffiths,Australia,32
53544,Sally Moffat,Australia,15
826679,Sam Heazlett,Australia,1
53670,Sarah Aley,Australia,1
53631,Sarah Andrews,Australia,39
374934,Sarah Coyte,Australia,30
53638,Sarah Elliott,Australia,22
446548,Scott Boland,Australia,14
398666,Sean Abbott,Australia,1
5605,Shane Harwood,Australia,1
6282,Shane Lee,Australia,45
8166,Shane Warne,Australia,194
8180,Shane Watson,Australia,190
53683,Shannon Cunneen,Australia,4
53599,Sharlene Heywood,Australia,14
53616,Sharon Millanta,Australia,6
53576,Sharon Tredrea,Australia,31
53625,Sharyn Bow,Australia,11
53508,Sharyn Hill,Australia,14
5420,Shaun Graf,Australia,11
6683,Shaun Marsh,Australia,67
8076,Shaun Tait,Australia,35
53613,Shelley Nitschke,Australia,80
4923,Simon Davis,Australia,39
6128,Simon Katich,Australia,45
6995,Simon O'Donnell,Australia,87
944373,Sophie Molineux,Australia,3
53572,Stephanie Theodore,Australia,1
7360,Steve Rixon,Australia,6
7656,Steve Smith,Australia,28
8192,Steve Waugh,Australia,325
267192,Steve Smith,Australia,108
5629,Stewart Heaney,Australia,4
4582,Stuart Clark,Australia,39
6274,Stuart Law,Australia,54
6441,Stuart MacGill,Australia,3
381311,Tahlia McGrath,Australia,4
1071711,Tayla Vlaeminck,Australia,1
53604,Terri Russell,Australia,13
3943,Terry Alderman,Australia,65
6022,Terry Jenner,Australia,1
53448,Terry McGregor,Australia,26
6534,Tim May,Australia,47
7252,Tim Paine,Australia,35
8468,Tim Zoehrer,Australia,22
333782,Timm van der Gugten,Australia,4
53532,Tina Macpherson,Australia,5
219885,Tom Cooper,Australia,23
5679,Tom Hogan,Australia,16
6628,Tom Moody,Australia,76
4964,Tony Dodemaide,Australia,24
530011,Travis Head,Australia,42
4561,Trevor Chappell,Australia,20
6261,Trevor Laughlin,Australia,6
53492,Trish Dawson,Australia,4
53520,Tunde Juhasz,Australia,5
215155,Usman Khawaja,Australia,27
53598,Valerie Farrell,Australia,5
5126,Wally Edwards,Australia,1
4584,Wayne Clark,Australia,2
7115,Wayne Phillips,Australia,48
53483,Wendy Blunsden,Australia,8
53510,Wendy Hills,Australia,4
53546,Wendy Napier,Australia,4
53557,Wendy Piltz,Australia,3
54572,Anina Burger,South Africa,18
44138,Rudi Bryson,South Africa,7
54634,Cri-zelda Brits,South Africa,69
44111,Mark Boucher,South Africa,295
44149,Johan Botha,South Africa,78
44098,Loots Bosman,South Africa,14
44097,Tertius Bosch,South Africa,2
482506,Anne Bosch,South Africa,4
44091,Nicky Boje,South Africa,115
44089,Gulam Bodi,South Africa,2
53583,Wendy Weir,Australia,1
5017,Xavier Doherty,Australia,60
53426,Zoe Goss,Australia,65
276680,Kirsten Blair,South Africa,2
317160,Olivia Anderson,South Africa,5
43906,Hashim Amla,South Africa,174
54571,Alicia Bezuidenhout,South Africa,6
44070,Dale Benkenstein,South Africa,23
54600,Elizabeth Akehurst,South Africa,8
54616,Susan Benade,South Africa,29
44410,Farhaan Behardien,South Africa,59
43919,Paul Adams,South Africa,24
43909,Shafiek Abrahams,South Africa,1
372116,Temba Bavuma,South Africa,2
297583,Kyle Abbott,South Africa,28
54630,Josephine Barnard,South Africa,8
44024,Adam Bacher,South Africa,13
44489,Daryll Cullinan,South Africa,138
44486,Derek Crookes,South Africa,32
44485,Hansie Cronje,South Africa,188
487021,Savanna Cordes,South Africa,2
44465,Jimmy Cook,South Africa,4
276681,Trisha Chetty,South Africa,105
44493,Neil Carter,South Africa,3
54573,Debbie Carr,South Africa,2
54646,Mignon du Preez,South Africa,121
44828,Faf du Plessis,South Africa,134
44416,Dave Callaghan,South Africa,29
44932,Jean-Paul Duminy,South Africa,194
44716,Allan Donald,South Africa,164
44708,Boeta Dippenaar,South Africa,107
317161,Dinesha Devnarain,South Africa,29
44696,Fanie de Villiers,South Africa,83
44936,AB de Villiers,South Africa,228
54603,Belinda Dermota,South Africa,3
393279,Marchant de Lange,South Africa,4
379143,Quinton de Kock,South Africa,106
939249,Nadine de Klerk,South Africa,6
54650,Lonell de Beer,South Africa,11
44682,Alan Dawson,South Africa,19
54574,Helen Davies,South Africa,25
44752,Henry Davids,South Africa,2
478278,Moseline Daniels,South Africa,33
545467,Junior Dala,South Africa,2
44960,Steve Elworthy,South Africa,39
230852,Dean Elgar,South Africa,8
54576,Cindy Eksteen,South Africa,36
44954,Clive Eksteen,South Africa,6
54636,Shandre Fritz,South Africa,59
387270,Yolani Fourie,South Africa,15
593936,Lara Goodall,South Africa,16
45224,Herschelle Gibbs,South Africa,248
54577,Debby Hughes,South Africa,2
45458,Andrew Hudson,South Africa,89
54643,Alison Hodgkinson,South Africa,38
45437,Omar Henry,South Africa,3
269280,Reeza Hendricks,South Africa,18
379927,Beuran Hendricks,South Africa,2
45431,Claude Henderson,South Africa,4
45419,Nantie Hayward,South Africa,21
45568,Paul Harris,South Africa,3
45396,Andrew Hall,South Africa,88
276997,Shabnim Ismail,South Africa,89
45705,Colin Ingram,South Africa,31
40618,Imran Tahir,South Africa,98
698189,Wiaan Mulder,South Africa,10
46255,Victor Mpitsang,South Africa,2
439952,Chris Morris,South Africa,34
46538,Morne Morkel,South Africa,117
46248,Albie Morkel,South Africa,58
222320,Christiaan Jonker,South Africa,2
498874,Nadine Moodley,South Africa,9
499254,Sinalo Jafta,South Africa,5
45711,Steven Jack,South Africa,2
276684,Annelie Minny,South Africa,14
321777,David Miller,South Africa,120
54580,Ally Kuylaars,South Africa,23
45840,Adrian Kuiper,South Africa,25
45888,Garnett Kruger,South Africa,3
54579,Alta Kotze,South Africa,15
54578,Leslie Korkie,South Africa,7
45828,Louis Koen,South Africa,5
45821,Lance Klusener,South Africa,171
45949,Rory Kleinveldt,South Africa,10
364368,Masabata Klaas,South Africa,41
436757,Heinrich Klaasen,South Africa,14
46189,Craig Matthews,South Africa,56
45815,Peter Kirsten,South Africa,40
499354,Odine Kirsten,South Africa,9
45813,Gary Kirsten,South Africa,185
54635,Ashlyn Kilowan,South Africa,32
387261,Ayabonga Khaka,South Africa,54
45800,Jon Kent,South Africa,2
45797,Justin Kemp,South Africa,85
600498,Aiden Markram,South Africa,18
351836,Marizanne Kapp,South Africa,99
45789,Jacques Kallis,South Africa,328
593963,Zintle Mali,South Africa,7
487007,Sune Luus,South Africa,70
46075,Johann Louw,South Africa,3
276683,Sunette Loubser,South Africa,60
267724,Keshav Maharaj,South Africa,4
54633,Madelein Lotter,South Africa,1
54637,Johmari Logtenberg,South Africa,26
46214,Brian McMillan,South Africa,78
46393,Ryan McLaren,South Africa,54
46208,Neil McKenzie,South Africa,64
45984,Gerhardus Liebenberg,South Africa,4
54582,Levona Lewis,South Africa,9
276682,Marcia Letsoalo,South Africa,68
483484,Lizelle Lee,South Africa,73
351841,Alexis le Breton,South Africa,6
45963,Charl Langeveldt,South Africa,72
54581,Kerri Laing,South Africa,23
487470,Stacy Lackay,South Africa,2
387263,Akhona Nyiki,South Africa,1
629578,Raisibe Ntozakhe,South Africa,17
46592,Makhaya Ntini,South Africa,173
481979,Anrich Nortje,South Africa,4
542023,Lungi Ngidi,South Africa,18
364354,Jana Nell,South Africa,2
46569,Andre Nel,South Africa,79
54598,Nolu Ndzundzu,South Africa,16
46797,Andrew Puttick,South Africa,1
46790,Meyrick Pringle,South Africa,17
46681,Justin Ontong,South Africa,28
46788,Ashwell Prince,South Africa,52
54584,Kim Price,South Africa,26
54583,Linda Olivier,South Africa,28
486679,Duanne Olivier,South Africa,2
327830,Dwaine Pretorius,South Africa,19
46780,Nic Pothas,South Africa,3
364361,Yolandi Potgieter,South Africa,16
46774,Shaun Pollock,South Africa,303
54631,Shafeeqa Pillay,South Africa,12
46945,Vernon Philander,South Africa,30
540316,Andile Phehlukwayo,South Africa,43
46942,Aaron Phangiso,South Africa,21
46750,Robin Peterson,South Africa,79
46934,Alviro Petersen,South Africa,21
327947,Dane Paterson,South Africa,4
265564,Wayne Parnell,South Africa,65
46724,Steve Palframan,South Africa,7
47267,Pat Symcox,South Africa,80
54622,Karin Swart,South Africa,3
47255,Pieter Strydom,South Africa,10
54599,Hanri Strydom,South Africa,8
54587,Rista Stoop,South Africa,4
47011,Mark Rushmere,South Africa,4
47242,Rudi Steyn,South Africa,1
47492,Dale Steyn,South Africa,125
503123,Andrie Steyn,South Africa,29
47239,Errol Stewart,South Africa,6
47010,Dave Rundle,South Africa,2
47015,Jacques Rudolph,South Africa,45
318845,Rilee Rossouw,South Africa,36
54621,Anne Stears,South Africa,2
380956,Michael Rippon,South Africa,6
46987,Mike Rindel,South Africa,22
47215,Richard Snell,South Africa,42
46978,David Richardson,South Africa,122
46976,Clive Rice,South Africa,3
46973,Jonty Rhodes,South Africa,245
47270,Graeme Smith,South Africa,197
54585,Denise Reid,South Africa,29
54632,Tamara Reeves,South Africa,4
54594,Alicia Smith,South Africa,37
54586,Lynn Sing,South Africa,1
47190,Eric Simons,South Africa,23
550215,Kagiso Rabada,South Africa,66
230860,Mthokozisi Shezi,South Africa,1
47184,Tim Shaw,South Africa,9
379145,Tabraiz Shamsi,South Africa,15
939229,Tumi Sekhukhune,South Africa,6
47165,Brett Schultz,South Africa,1
54591,Rozelle Scheepers,South Africa,1
939263,Faye Tunnicliffe,South Africa,3
47666,Lonwabo Tsotsobe,South Africa,61
47663,Thandi Tshabalala,South Africa,4
453370,Chloe Tryon,South Africa,71
387959,Kirstie Thomson,South Africa,9
498782,Elriesa Theunissen,South Africa,3
223642,Rusty Theron,South Africa,4
487553,Nonkhululeko Thabethe,South Africa,1
47541,David Terbrugge,South Africa,4
54588,Daleen Terblanche,South Africa,61
54644,Claire Terblanche,South Africa,21
47539,Roger Telemachus,South Africa,37
54605,Angelique Taai,South Africa,13
54597,Sunette Viljoen,South Africa,17
54592,Sune van Zyl,South Africa,18
47715,Corrie van Zyl,South Africa,2
47711,Morne van Wyk,South Africa,17
364413,Dane van Niekerk,South Africa,99
47846,Vaughn van Jaarsveld,South Africa,2
47700,Martin van Jaarsveld,South Africa,11
364360,Yolandi van der Westhuizen,South Africa,8
54640,Charlize van der Westhuizen,South Africa,33
47693,Johan van der Wath,South Africa,10
54595,Yulandi van der Merwe,South Africa,18
337790,Rassie van der Dussen,South Africa,9
922481,Laura Wolvaardt,South Africa,41
47903,Charl Willoughby,South Africa,3
47900,Henry Williams,South Africa,7
221140,David Wiese,South Africa,6
47884,Kepler Wessels,South Africa,109
54590,Ern Webber,South Africa,1
51292,Deighton Butler,West Indies,5
51113,Richard Austin,West Indies,1
51110,Keith Arthurton,West Indies,105
48102,Mandy Yachad,South Africa,1
51235,Hendy Bryan,West Indies,15
51108,Hamish Anthony,West Indies,3
51107,Sir Curtly Ambrose,West Indies,176
348054,Sunil Ambris,West Indies,1
51437,Patrick Browne,West Indies,5
55113,Louise Browne,West Indies,8
51232,Courtney Browne,West Indies,46
670013,Fabian Allen,West Indies,4
51278,Barrington Browne,West Indies,4
55112,Beverly Browne,West Indies,8
55111,Ann Browne,West Indies,11
51251,Darrel Brown,West Indies,3
55181,Pamela Alfred,West Indies,4
55106,Patricia Alfred,West Indies,1
277472,Darren Bravo,West Indies,102
51439,Dwayne Bravo,West Indies,164
348024,Kraigg Brathwaite,West Indies,10
457249,Carlos Brathwaite,West Indies,33
55192,Kirbyina Alexander,West Indies,20
355348,Merissa Aguilleira,West Indies,112
51246,Ian Bradshaw,West Indies,62
908047,Reniece Boyce,West Indies,1
51229,Keith Boyce,West Indies,8
51100,Jimmy Adams,West Indies,127
55109,Shirley-Ann Bonaparte,West Indies,2
55108,Evelyn Bogle,West Indies,5
431909,Jermaine Blackwood,West Indies,2
51228,Marlon Black,West Indies,5
51226,Ian Bishop,West Indies,84
341593,Devendra Bishoo,West Indies,42
51436,Tino Best,West Indies,26
51221,Carlisle Best,West Indies,24
51300,David Bernard,West Indies,20
51248,Sulieman Benn,West Indies,47
51220,Winston Benjamin,West Indies,85
51218,Kenny Benjamin,West Indies,26
498440,Ronsford Beaton,West Indies,2
55107,Sheryl Bayley,West Indies,1
51446,Carlton Baugh,West Indies,47
274926,Adrian Barath,West Indies,14
51211,Eldine Baptiste,West Indies,43
51258,Omari Banks,West Indies,5
51431,Lionel Baker,West Indies,10
51208,Faoud Bacchus,West Indies,29
55117,Elaine Cunningham,West Indies,5
556749,Miguel Cummins,West Indies,11
55185,Felicia Cummings,West Indies,14
51487,Cameron Cuffy,West Indies,41
51485,Colin Croft,West Indies,19
275943,Royston Crandon,West Indies,1
495551,Sheldon Cottrell,West Indies,10
424629,Britney Cooper,West Indies,40
474191,Shamilia Connell,West Indies,29
51481,Corey Collymore,West Indies,84
51479,Pedro Collins,West Indies,30
51477,Sylvester Clarke,West Indies,10
51492,Sewnarine Chattergoon,West Indies,18
391832,Roston Chase,West Indies,11
333066,Johnson Charles,West Indies,48
51469,Shivnarine Chanderpaul,West Indies,268
314615,Jonathan Carter,West Indies,28
55176,Donna Carmino,West Indies,1
424631,Shemaine Campbelle,West Indies,77
51462,Sherwin Campbell,West Indies,90
348026,John Campbell,West Indies,5
55116,Dianne Cagen,West Indies,3
55115,Eva Caesar,West Indies,6
51657,Jeff Dujon,West Indies,169
51655,Vasbert Drakes,West Indies,34
51660,Travis Dowlin,West Indies,11
55120,Florence Douglas,West Indies,3
355349,Deandra Dottin,West Indies,117
51651,Mervyn Dillon,West Indies,108
51649,Rajindra Dhanraj,West Indies,6
55169,Shane de Silva,West Indies,18
51659,Narsingh Deonarine,West Indies,31
55119,Joyce Demmin,West Indies,6
51643,Winston Davis,West Indies,35
55118,Dorrett Davis,West Indies,3
51639,Wayne Daniel,West Indies,18
370132,Shanel Daley,West Indies,70
386563,Pearl Etienne,West Indies,8
51784,Rayad Emrit,West Indies,2
55123,Elaine Emmanual,West Indies,5
55122,Roselyn Emannuel,West Indies,3
55121,Merlyn Edwards,West Indies,6
51786,Kirk Edwards,West Indies,16
51782,Fidel Edwards,West Indies,50
51797,Roy Fredericks,West Indies,12
51793,Maurice Foster,West Indies,2
355351,Afy Fletcher,West Indies,46
51862,Andre Fletcher,West Indies,25
55127,Hyacinth Flemmings,West Indies,1
51865,Shawn Findlay,West Indies,9
55126,Verena Felicien,West Indies,36
55125,Patricia Felician,West Indies,5
55189,Gloria Farrell,West Indies,5
55124,Peggy Fairweather,West Indies,7
51905,Adrian Griffith,West Indies,9
55131,Eugena Gregg,West Indies,10
51901,Gordon Greenidge,West Indies,128
51899,Alvin Greenidge,West Indies,1
55148,Geneille Greaves,West Indies,9
51898,Tony Gray,West Indies,25
51891,Larry Gomes,West Indies,83
55129,Gloria Gill,West Indies,2
370134,Erva Giddings,West Indies,2
51885,Ottis Gibson,West Indies,15
51883,Lance Gibbs,West Indies,3
55171,Nadine George,West Indies,41
55128,Yolande Geddes-Hall,West Indies,7
51880,Chris Gayle,West Indies,289
51877,Leon Garrick,West Indies,3
51876,Joel Garner,West Indies,98
51872,Daren Ganga,West Indies,35
446101,Shannon Gabriel,West Indies,18
51870,Richard Gabriel,West Indies,11
52197,Danza Hyatt,West Indies,9
52076,Ryan Hurley,West Indies,9
55180,Clea Hoyte,West Indies,3
581379,Shai Hope,West Indies,49
443150,Kyle Hope,West Indies,7
52066,Carl Hooper,West Indies,227
52063,Michael Holding,West Indies,102
52061,Vanburn Holder,West Indies,12
52059,Roland Holder,West Indies,37
391485,Jason Holder,West Indies,90
55132,Dorothy Hobson,West Indies,7
52057,Wavell Hinds,West Indies,119
52055,Ryan Hinds,West Indies,14
670025,Shimron Hetmyer,West Indies,25
474190,Chinelle Henry,West Indies,5
530811,Chandrapaul Hemraj,West Indies,6
52051,Ron Headley,West Indies,1
52048,Robert Haynes,West Indies,8
52047,Desmond Haynes,West Indies,238
52045,Roger Harper,West Indies,105
52208,Bernard Julien,West Indies,12
52206,Sylvester Joseph,West Indies,13
769485,Qiana Joseph,West Indies,2
55135,Jane Joseph,West Indies,6
670031,Alzarri Joseph,West Indies,16
52280,Leon Johnson,West Indies,6
52210,Kerry Jeremy,West Indies,6
55114,Jeanette James,West Indies,4
55172,Glenicia James,West Indies,5
55134,Carol-Ann James,West Indies,11
55133,Christine Jacobson,West Indies,6
52199,Ridley Jacobs,West Indies,147
55195,Cordel Jack,West Indies,20
472977,Kyshona Knight,West Indies,30
472975,Kycia Knight,West Indies,60
355354,Lee-Ann Kirby,West Indies,4
355352,Stacy-Ann King,West Indies,66
52294,Reon King,West Indies,50
52290,Collis King,West Indies,18
52287,Rohan Kanhai,West Indies,7
52285,Alvin Kallicharran,West Indies,31
55190,Paulette Lynch,West Indies,4
55137,Desiree Luke,West Indies,8
52347,Gus Logie,West Indies,158
52345,Clive Lloyd,West Indies,87
52343,Rawl Lewis,West Indies,28
55166,Debbie-Ann Lewis,West Indies,42
431901,Evin Lewis,West Indies,35
52442,Junior Murray,West Indies,55
52441,Deryck Murray,West Indies,26
52413,Jermaine Lawson,West Indies,13
52439,David Murray,West Indies,10
472353,Subrina Munroe,West Indies,23
55143,Janice Moses,West Indies,3
52437,Ezra Moseley,West Indies,9
52445,Runako Morton,West Indies,56
55194,Pamela Lavine,West Indies,24
55136,Vivalyn Latty-Scott,West Indies,6
52337,Brian Lara,West Indies,299
25635,Clayton Lambert,West Indies,12
230549,Jason Mohammed,West Indies,28
52490,Dave Mohammed,West Indies,7
55187,Anisa Mohammed,West Indies,117
52622,Nikita Miller,West Indies,50
474201,Natasha McLean,West Indies,23
52427,Everton Mattis,West Indies,2
474308,Hayley Matthews,West Indies,39
245373,Anthony Martin,West Indies,9
52419,Malcolm Marshall,West Indies,136
52430,Nixon McLean,West Indies,45
55141,Lorna McKoy,West Indies,2
55140,L McIntosh,West Indies,5
55139,Audrey McInnis,West Indies,3
55138,Ann McEwen,West Indies,4
906783,Obed McCoy,West Indies,2
315594,Ashley Nurse,West Indies,45
55145,Emelda Noreiga,West Indies,4
55174,Juliana Nero,West Indies,76
55144,Marlene Needham,West Indies,9
355355,Chedean Nation,West Indies,31
6950,Brendan Nash,West Indies,9
230558,Sunil Narine,West Indies,65
52630,Mahendra Nagamootoo,West Indies,24
55146,Yvonne Oldfield,West Indies,4
472347,June Ogle,West Indies,6
52683,Milton Pydanna,West Indies,3
55179,Stephanie Power,West Indies,34
52681,Ricardo Powell,West Indies,109
820351,Rovman Powell,West Indies,34
252932,Kieran Powell,West Indies,46
52790,Daren Powell,West Indies,55
604302,Nicholas Pooran,West Indies,1
230559,Kieron Pollard,West Indies,101
55147,Maureen Phillips,West Indies,2
52678,Norbert Phillip,West Indies,1
530139,Akeira Peters,West Indies,6
52675,Nehemiah Perry,West Indies,21
274921,Veerasammy Permaul,West Indies,7
52672,Thelston Payne,West Indies,7
677081,Keemo Paul,West Indies,11
52671,Patrick Patterson,West Indies,59
230552,Nelon Pascal,West Indies,1
52670,Derick Parry,West Indies,6
52687,Brenton Parchment,West Indies,7
276298,Andre Russell,West Indies,52
52823,Lawrence Rowe,West Indies,11
52821,Franklyn Rose,West Indies,27
55149,Jacqueline Robinson,West Indies,16
52817,Sir Andy Roberts,West Indies,56
230553,Kemar Roach,West Indies,80
52810,Sir Richie Richardson,West Indies,224
52812,Sir Viv Richards,West Indies,187
52833,Dale Richards,West Indies,8
52918,Austin Richards,West Indies,1
52808,Floyd Reifer,West Indies,8
55177,Susan Redhead,West Indies,3
52912,Ravi Rampaul,West Indies,92
52805,Dinanath Ramnarine,West Indies,4
769517,Karishma Ramharack,West Indies,1
52917,Denesh Ramdin,West Indies,139
52913,Ryan Ramdass,West Indies,1
52960,Colin Stuart,West Indies,5
55157,Nora St Rose,West Indies,6
55156,Madge Stewart,West Indies,4
55155,Jennifer Sterling,West Indies,7
55154,Brenda Solozano-Rodney,West Indies,6
52946,Sir Garry Sobers,West Indies,1
55153,Gwen Smith,West Indies,4
52962,Devon Smith,West Indies,47
53118,Dwayne Smith,West Indies,105
424630,Tremayne Smartt,West Indies,57
52939,Milton Small,West Indies,2
355357,Danielle Small,West Indies,12
55152,Cherry-Ann Singh,West Indies,7
52934,Phil Simmons,West Indies,143
53116,Lendl Simmons,West Indies,68
52932,Sew Shivnarine,West Indies,1
52931,Irvine Shillingford,West Indies,2
52928,Keith Semple,West Indies,7
355356,Shakera Selman,West Indies,75
307943,Gaitri Seetahal,West Indies,3
55151,Rita Scott,West Indies,4
52995,Fazil Sattaur,West Indies,3
52969,Ramnaresh Sarwan,West Indies,181
52922,Robert Samuels,West Indies,8
52983,Marlon Samuels,West Indies,207
